claim_id,hospital_id,home_x_km,home_y_km
CL013686,H083,117.29,28.48
CL009984,H009,-0.69,163.03
CL027093,H085,249.9,153.75
CL022164,H075,68.1,146.33
CL025968,H014,129.82,167.58
CL016640,H045,159.36,81.19
CL026876,H036,138.73,114.58
CL012227,H015,135.38,192
CL012438,H023,156.04,191.42
CL022205,H004,194.89,148.44
CL017626,H105,18.02,172.61
CL000541,H008,143.07,22.16
CL003437,H078,47.9,179.21
CL020846,H004,218.78,127.49
CL007970,H117,188.66,126.21
CL020049,H065,102.73,125.13
CL001526,H066,200,104.42
CL031117,H043,229.61,78.29
CL025558,H066,195.51,123.88
CL020614,H070,136.27,199.16
CL017697,H069,148.16,197.69
CL016473,H035,189.33,122.48
CL027549,H074,66.93,51.37
CL010565,H069,136.24,187.53
CL017024,H049,149.79,194.65
CL007507,H051,110.53,12.72
CL020177,H118,9.58,176.59
CL012258,H063,145.91,-3.78
CL013716,H004,214.2,119.11
CL020382,H017,82.52,214.36
CL011594,H002,135.56,179.08
CL020896,H050,100.46,76.87
CL001580,H008,151.03,36.09
CL007891,H014,131.16,176.78
CL008827,H014,153.99,170.91
CL014765,H006,181.92,138.02
CL002491,H004,217.36,132.14
CL003738,H033,63.24,98.06
CL032942,H005,50.65,113.82
CL015196,H034,138,143.89
CL016269,H025,287.54,111.66
CL003806,H028,225.69,136.69
CL031950,H063,121.73,109.03
CL030587,H036,141.3,114.76
CL007735,H033,63.49,95.54
CL004673,H096,251.69,164.18
CL019583,H017,102.39,202.18
CL014325,H100,-8.39,174.6
CL024778,H031,79.5,40.92
CL001355,H077,230.7,189.33
CL010627,H022,211.75,188.53
CL006285,H003,203.82,234.9
CL007322,H062,152.55,181.08
CL015693,H085,263.45,138.33
CL017760,H051,87.04,17.33
CL020387,H025,278.16,126.5
CL031367,H057,67.97,151.76
CL029737,H018,150.57,205.56
CL006356,H118,-5.32,166.36
CL013454,H059,109.63,147.4
CL023514,H004,204.21,151.04
CL028154,H100,-6.51,174.5
CL009414,H107,54.4,125.01
CL028849,H011,9.9,188.11
CL019301,H052,273.81,187.33
CL008567,H025,291.09,109.84
CL003241,H070,222.1,145.76
CL032463,H004,210.07,146.83
CL004678,H100,0.93,184.93
CL005503,H028,158.72,104.83
CL032147,H117,191.88,128.46
CL020183,H004,218.02,131.26
CL030701,H063,159.33,-0.11
CL030730,H002,136.74,180.85
CL032943,H006,179.87,140.09
CL013901,H001,72.86,141.8
CL011882,H001,77.1,145.42
CL019782,H085,247.23,133.84
CL031614,H008,116.33,40.34
CL029350,H083,121.82,43.37
CL018624,H041,235.71,61.32
CL026823,H056,116.77,70.3
CL013843,H035,191.08,122.94
CL014929,H102,148.89,-25.17
CL001353,H075,75.11,143.78
CL025101,H117,192.49,128.15
CL030319,H063,93.1,129.18
CL007715,H015,131.35,193.94
CL007066,H002,105.72,207.98
CL015498,H096,226.54,147.38
CL000740,H085,245.66,132.58
CL013078,H035,199.01,106.9
CL005722,H017,89.74,182.16
CL026402,H003,203.06,227.34
CL002973,H022,235.64,186.74
CL014031,H086,270.41,165.69
CL031491,H103,244.15,155.8
CL007595,H095,121.01,195.67
CL031215,H058,155.52,178.69
CL003724,H007,193.93,80.82
CL016568,H067,139.95,93.01
CL013266,H012,2.24,153.28
CL029581,H069,133.01,184.5
CL019467,H004,219.55,128.34
CL009178,H040,216.31,97.24
CL012019,H060,197.19,33.71
CL012840,H114,41.03,209.14
CL023334,H004,210.27,133.95
CL013295,H063,153.8,-8.72
CL001930,H014,134.24,174.76
CL015959,H012,7.47,148.1
CL033279,H054,20.48,200.51
CL031376,H070,197.14,91
CL013847,H042,222.84,8.22
CL018842,H045,177.2,90.13
CL029144,H079,129.52,112.47
CL017830,H070,127.42,198.01
CL022866,H086,272.34,158.29
CL001375,H106,133.67,172.23
CL012974,H017,120.8,177.99
CL023421,H002,139.58,176.26
CL023293,H083,121.63,38.1
CL004681,H108,32.89,159.36
CL028940,H029,98.83,113.38
CL011790,H006,182.58,151.71
CL008897,H043,207.14,48.57
CL007454,H110,144,114.8
CL019173,H036,171.71,123.59
CL023102,H067,118.41,93.83
CL002707,H058,131.68,186.6
CL006546,H083,120.2,44.43
CL006934,H015,137.28,186.31
CL006655,H081,248.01,146.71
CL024943,H040,231.2,107.49
CL016880,H004,207.56,142.18
CL015432,H011,-3.66,174.04
CL032884,H049,149.35,197.44
CL013206,H055,96.41,71.46
CL026294,H007,179.53,63.59
CL003540,H096,213.06,135.94
CL017922,H074,54.63,51.93
CL020553,H005,49.61,113.01
CL013835,H027,198.07,125.72
CL011960,H082,119.72,45.84
CL027965,H070,67.09,172.91
CL023064,H023,183.31,210.61
CL025052,H051,99.02,13.8
CL031495,H110,177.22,92.15
CL002462,H067,149.93,55.98
CL007014,H033,65.01,96.62
CL001533,H070,201.18,226.21
CL012238,H032,102.42,53.33
CL008156,H081,249.24,146.86
CL005437,H083,115.22,44.29
CL005321,H099,313.33,115.43
CL012061,H017,99.39,209.48
CL030633,H083,121.09,41.72
CL001233,H028,238.28,154.31
CL028215,H066,194.91,111.1
CL022341,H002,152.29,186.94
CL025033,H028,213.52,150.83
CL026111,H064,105,83.9
CL008939,H001,59.64,147.76
CL008615,H085,243.92,139.7
CL017956,H006,174.72,128.42
CL032528,H070,224.86,129.59
CL014810,H066,151.52,70.36
CL005767,H064,107.78,84.35
CL011368,H002,145.64,181.08
CL013277,H027,198.39,146.96
CL028129,H059,109.85,162.38
CL019188,H053,222.08,-8.25
CL025954,H004,238.17,134.66
CL009146,H021,193.97,215.4
CL012984,H032,133.43,58.15
CL006976,H081,245.97,158.22
CL016574,H078,33.7,195.88
CL008036,H068,153.47,203.36
CL005910,H112,38.47,177.65
CL022326,H092,192.5,67.2
CL030354,H001,84.42,142.64
CL000556,H028,233.67,148.39
CL026117,H069,129.37,180.92
CL006092,H102,143.93,-17.79
CL025693,H042,216.52,0.64
CL001393,H006,182.29,147.06
CL015650,H024,254.32,187.9
CL011757,H093,77.79,158.58
CL009507,H008,148.32,41.06
CL011646,H060,182.58,45.85
CL025300,H092,184.51,54.85
CL007318,H054,13.15,203.09
CL023361,H021,185.12,222.18
CL021730,H023,142.36,207.79
CL013448,H049,150.22,193.21
CL008487,H054,27.17,204.51
CL003279,H005,48.23,134.46
CL004915,H083,99.24,33.86
CL009439,H021,183.07,217.37
CL004103,H048,74.34,45.22
CL005393,H028,188.99,144.46
CL017946,H118,7.65,174.6
CL024309,H014,135.97,174.89
CL018404,H070,120.77,136.93
CL022078,H080,56.21,147.56
CL013697,H106,125.25,186.96
CL011415,H066,235,27.98
CL019256,H012,16.66,149.53
CL021539,H035,176.28,121.05
CL024986,H113,175.78,201.29
CL003798,H023,147.34,193.67
CL010989,H034,153.02,127.82
CL015163,H111,140.74,196.75
CL029502,H001,114.62,130.91
CL025795,H039,233.56,61.66
CL015155,H102,138.41,-1.63
CL025681,H029,85.28,106.23
CL033046,H008,165.14,44.98
CL004866,H108,15.17,159.62
CL024524,H100,41.69,202.99
CL011117,H056,143.19,65.89
CL006201,H104,234.83,212.85
CL009927,H065,88.71,101.96
CL013811,H003,201.25,233.71
CL002181,H063,156.86,85.21
CL024996,H004,202.38,133.46
CL028236,H005,46.49,110.93
CL020234,H043,220.55,42.01
CL003936,H073,147.62,52.01
CL024626,H096,226.03,147.4
CL024978,H093,82.38,167.26
CL014761,H004,213.31,138.12
CL031371,H066,86.75,72.8
CL015609,H096,225.56,147.08
CL032582,H012,30.82,129.35
CL004671,H095,128.34,193.55
CL001890,H092,201.01,62.07
CL026638,H052,300.73,163.3
CL012145,H043,173.6,40.59
CL011736,H052,274.3,184.78
CL024872,H036,130.25,126.52
CL012275,H083,140.85,85.27
CL003432,H070,68.1,175.47
CL006605,H022,237.97,177.9
CL009999,H022,214.65,192.95
CL002979,H026,281.18,192.1
CL010791,H034,136.7,120.21
CL002497,H008,145.15,43.97
CL016896,H011,7.01,176.15
CL000653,H088,87.03,147.44
CL025390,H063,155.65,-6.96
CL020546,H003,220.08,218.22
CL030466,H006,178.21,129.14
CL009173,H037,171.13,100.06
CL015589,H070,140.27,-1.2
CL009250,H021,155.62,203.83
CL004404,H010,53.63,199.6
CL021071,H062,155.12,194.2
CL001423,H040,215.86,88.92
CL021724,H016,162.22,225.1
CL003291,H015,126.75,190.31
CL008512,H097,203.72,123.32
CL018479,H075,82.82,156.17
CL025547,H041,223.71,39.01
CL026944,H017,94.55,209.73
CL031900,H100,-11.62,171.26
CL012761,H006,173.39,148.73
CL019708,H065,84.68,99.81
CL002584,H032,103.11,35.85
CL027012,H103,224.8,139.63
CL023063,H023,157.57,194.89
CL006588,H007,197.97,56.95
CL005667,H063,167.65,-6.01
CL025045,H043,195.59,45.28
CL014865,H020,172.2,197.74
CL011682,H001,82.39,142.66
CL024971,H083,119.86,43.63
CL029042,H072,152.2,172.3
CL027844,H050,137.65,74.33
CL003025,H101,63.88,78.59
CL008502,H079,154.29,89.98
CL028826,H093,55.28,134.61
CL011056,H002,141.79,170.69
CL029593,H083,94.71,44.88
CL032241,H096,234.2,188.88
CL026569,H103,218.86,140.4
CL028329,H093,76.59,164.9
CL023276,H061,106.45,81.71
CL033356,H070,228.3,129.52
CL023752,H007,196.83,74.55
CL006071,H068,156.38,212.37
CL008269,H007,198.21,74.39
CL020524,H101,52.31,76.74
CL011983,H004,206.69,118.71
CL015850,H043,232.56,43.19
CL008594,H063,26.43,144.11
CL012028,H070,227.92,147.04
CL016529,H014,134.91,175.07
CL004604,H006,177.69,137.92
CL027532,H054,26.41,203.29
CL021147,H053,198.5,17.23
CL030940,H061,105.62,82.89
CL000376,H034,137.64,138.29
CL023851,H005,49.32,111.92
CL007566,H024,268.56,183.57
CL000017,H004,214.33,138.8
CL003912,H042,220.19,-5.9
CL003609,H067,144.59,91.78
CL023209,H066,202.79,119.1
CL018258,H012,1.45,147.2
CL029708,H117,195,128.62
CL023045,H009,7.63,145.55
CL014160,H024,262.02,184.34
CL024776,H029,81.71,125.52
CL030389,H033,61.02,102.98
CL007103,H035,194.32,126.74
CL021153,H057,93.34,157.84
CL031645,H034,172.7,136.19
CL023131,H119,195.6,9.13
CL009707,H048,96.48,55.33
CL007819,H035,183.13,118.81
CL015734,H008,153.76,33.97
CL006346,H101,66.39,89.05
CL023554,H061,99.96,94.53
CL000683,H007,200.45,74.36
CL010915,H066,149.08,-8.23
CL029165,H113,195.42,213.87
CL015588,H070,53.8,131.73
CL017976,H027,203.51,140
CL010200,H002,132.86,179.42
CL009442,H023,142.04,191.78
CL022289,H027,200.91,149.19
CL010148,H016,145.47,172.58
CL019781,H083,119.97,42.39
CL003681,H063,159.58,-0.39
CL008397,H063,153.59,-5.83
CL009076,H033,63.49,96.89
CL024411,H100,-5.34,175.69
CL008216,H054,23.29,211.56
CL019649,H094,222.49,126.21
CL007952,H093,97.46,173.48
CL025439,H007,195.93,66.39
CL008705,H085,259.35,128.25
CL027177,H076,201.1,221.95
CL023768,H015,129.65,186.42
CL026560,H093,85.19,167.88
CL019893,H002,132.14,174.58
CL015763,H050,112.96,60.02
CL008564,H023,150.64,193.3
CL008321,H078,32.75,197.42
CL018316,H082,121.35,46.66
CL031814,H004,215.5,131.83
CL012071,H050,112.25,63.83
CL005474,H007,196.98,68.72
CL025466,H033,65.59,98.83
CL022719,H055,98.55,58.45
CL028470,H009,4.39,139.21
CL026275,H001,79.02,140.32
CL017335,H006,181.13,140.79
CL007594,H093,66.14,131.53
CL009138,H009,2.01,140.13
CL013438,H035,190.3,116.84
CL025659,H004,226.97,136.06
CL002832,H072,146.03,182.61
CL009698,H035,199.67,97.41
CL028847,H009,19.83,169.79
CL019864,H086,271.16,137.38
CL015025,H075,76.87,148.72
CL016040,H004,218.62,113.64
CL004647,H051,91.55,28.48
CL012362,H054,15.91,192.29
CL019186,H052,262.85,181.82
CL028887,H100,9.07,166.4
CL010797,H039,192.59,57.76
CL028266,H027,196.09,142.03
CL013984,H009,2.19,150.58
CL023691,H042,206.01,-18.02
CL012511,H001,78.05,134.52
CL014361,H013,9.73,211.61
CL026034,H093,77.94,143.65
CL012966,H010,30.42,205.43
CL020459,H010,37.77,202.06
CL031560,H059,99.42,126.87
CL033401,H013,-5.28,198.68
CL020268,H092,193.33,73.2
CL003770,H112,3.93,201.79
CL019112,H086,241.29,141.25
CL031312,H088,111.35,158.11
CL011724,H035,187.94,117.57
CL012750,H120,39.74,119.95
CL012664,H111,156.01,167.35
CL031617,H012,-0.67,146.52
CL030288,H027,207.52,138.1
CL026527,H039,217.43,60.49
CL013372,H071,208.45,143.24
CL018182,H046,153.97,29.17
CL001136,H083,120.05,40.81
CL028711,H022,240.16,182.66
CL022779,H006,191.14,150.74
CL021815,H005,48.83,115.98
CL031118,H045,160.67,75.78
CL006373,H007,186.94,75.64
CL030834,H036,161.61,125.08
CL020048,H064,107.22,78.43
CL031865,H057,62.83,163.75
CL008896,H041,226.36,69.4
CL030762,H055,103.6,77.79
CL024063,H005,69.56,105.06
CL030239,H119,192.31,12.96
CL028886,H100,-15.69,164.64
CL025477,H046,140.31,34.5
CL016522,H002,136,177.96
CL005297,H075,79.28,169.6
CL032282,H029,81.13,124.41
CL014892,H049,151.73,193.76
CL010955,H003,201.69,233.66
CL031172,H006,174.36,148.69
CL029324,H036,161.56,133.6
CL013916,H010,13.18,192.69
CL005873,H070,230.56,146.62
CL000280,H035,190.87,112.64
CL014467,H027,203.89,139.59
CL029942,H009,8.21,139.28
CL005594,H068,147.47,204.4
CL006522,H043,210.81,45.38
CL007357,H110,174.12,102.23
CL009322,H002,133.37,177.87
CL020288,H120,39.36,118.4
CL011617,H019,251.86,196.86
CL013431,H028,213.79,147.36
CL030855,H066,54.29,157.73
CL006376,H008,166.1,36.7
CL016317,H101,63.3,80.43
CL032658,H020,149.68,208.74
CL020914,H071,280.39,108.49
CL031301,H065,99.66,122.42
CL006830,H014,157.04,188.09
CL032325,H085,262.36,146.3
CL029850,H026,294.03,184.76
CL020207,H021,180.83,224.11
CL001352,H075,55.9,160.08
CL026265,H107,83.28,132.3
CL011745,H068,160.42,211.2
CL027070,H059,111.16,166.34
CL021513,H008,143.51,-6.68
CL020785,H035,183.07,137.31
CL025722,H081,236.95,148.41
CL000369,H027,205.68,138.09
CL021073,H063,70.71,40.09
CL006395,H025,292.74,104.99
CL006493,H007,193.17,53.95
CL020956,H117,194.67,129.08
CL025393,H065,99.56,126.12
CL014368,H025,292.13,144.72
CL028046,H057,109.52,177.27
CL025759,H012,2.72,146.4
CL023711,H065,77.36,129.65
CL028801,H042,212.06,2.22
CL003161,H098,95.08,135.92
CL017309,H086,269.58,153.84
CL012805,H063,151.53,-5.89
CL013046,H004,218.62,125.69
CL017678,H045,154.2,88.73
CL015662,H039,231.94,39.11
CL014664,H004,230.26,154.84
CL022516,H052,263.53,180.82
CL025624,H045,161.05,76.71
CL031262,H119,177.47,15.08
CL010997,H040,230.9,81.05
CL024471,H034,150.58,121.58
CL012632,H066,135.76,146.72
CL006475,H004,217.86,107.4
CL026278,H001,79.87,140.77
CL002014,H117,193.91,160.88
CL029029,H054,27.97,203.51
CL010497,H120,46.16,128.82
CL006312,H035,187.1,102.09
CL031857,H049,138.29,188.77
CL003535,H086,263.01,159.72
CL031809,H001,85.82,147.88
CL029364,H112,-0.56,187.14
CL012775,H016,149.02,205.86
CL015314,H001,71.87,143.24
CL004167,H013,-8.16,194.51
CL027321,H005,49.23,114.23
CL025374,H037,172.21,87.88
CL033198,H042,220.51,-11.43
CL028531,H083,133.36,58.59
CL004908,H070,112.29,85.37
CL001830,H086,272.71,164.41
CL005455,H109,75.32,146.31
CL024297,H008,161.2,16.79
CL005798,H105,15.82,166.15
CL023292,H082,102.91,53.5
CL029473,H067,151.6,65.37
CL009849,H001,81.88,141.84
CL011610,H013,21.51,188.09
CL032486,H025,290.97,102.63
CL017311,H089,231.95,178.28
CL024870,H035,142.05,106.17
CL002258,H036,177.97,141.38
CL019525,H074,65.84,45.14
CL019511,H050,85.72,40.81
CL021652,H113,182.82,210.62
CL013887,H100,0.84,164.22
CL015125,H063,111.99,105.46
CL031413,H004,217.49,134.89
CL000195,H079,140.92,101.07
CL023955,H002,144.34,192.13
CL014630,H063,152.73,12.17
CL014132,H103,218.78,149.68
CL009486,H096,213.29,146.95
CL017358,H023,163.25,197.71
CL027166,H058,137.61,197.83
CL013451,H054,19.23,201.92
CL006035,H030,48.23,106.6
CL013336,H014,128.02,162.66
CL032805,H093,91.02,168.65
CL025177,H079,176.92,93.44
CL020576,H033,65.54,98.01
CL016185,H049,150.74,196.87
CL004918,H087,198.88,155.98
CL005331,H105,17.33,153.71
CL019551,H108,39.85,165.05
CL011041,H102,144.04,-20.75
CL009093,H049,153.15,197.97
CL008342,H003,187.58,217.07
CL022803,H022,232.56,189.69
CL020630,H098,258.77,184.33
CL015991,H062,186.19,147.97
CL026620,H035,188.13,125.22
CL030363,H004,213.7,142.88
CL024846,H003,204.2,233.37
CL019154,H016,146.29,206.83
CL006193,H086,255.11,154.17
CL005719,H014,126.15,192.17
CL006479,H004,210.43,130.93
CL022053,H037,172.06,88.48
CL031200,H033,63.95,99.04
CL003765,H100,-13.76,175.47
CL024876,H039,185.5,41.2
CL029075,H003,205.81,233.36
CL012608,H007,191.61,55.68
CL013841,H030,56.89,125.39
CL002967,H013,-16.33,170.57
CL011588,H119,190.05,10.62
CL026029,H084,308.68,132.69
CL004196,H051,78.01,30.15
CL017688,H058,119.69,176.08
CL033381,H004,197.54,120.92
CL005894,H096,228.78,147.56
CL011309,H035,201.35,121.3
CL030424,H072,177.28,172.52
CL031269,H005,60.32,99.93
CL030935,H051,89.33,14.37
CL030083,H098,272.64,155.12
CL013272,H023,169.92,198.07
CL029396,H051,102.17,17.42
CL006530,H059,70.39,102.34
CL002495,H007,181.48,92.53
CL002090,H071,238.99,171.91
CL019565,H006,180.7,140.7
CL001621,H053,208.72,6.11
CL015655,H028,211.22,143.04
CL013200,H051,85.26,17.8
CL021916,H006,173.25,128.71
CL007384,H007,192.72,69.94
CL033159,H005,55.19,89.37
CL016904,H016,144.06,207.14
CL007202,H033,59.57,98.36
CL001054,H002,139.96,193.44
CL016537,H026,292.84,182.83
CL005314,H086,236.72,148.96
CL029908,H083,120.87,43.61
CL016930,H045,156.76,79.46
CL018551,H055,115.53,96.03
CL029966,H037,174.27,88.8
CL017959,H007,195.41,72.31
CL007941,H079,138.04,121.7
CL019329,H086,227.12,145.84
CL012507,H110,143.96,89.23
CL012048,H002,139.88,198.65
CL022879,H113,181.21,210.07
CL007252,H106,86.94,137.66
CL004382,H105,2.04,162.41
CL021548,H043,193.85,61.86
CL000218,H100,-8.65,180.7
CL000514,H113,181.61,206.12
CL021066,H053,227.42,12.15
CL021004,H068,93.62,197.88
CL012216,H004,215.31,129.07
CL027121,H005,54.47,115.85
CL004413,H015,136.98,190.88
CL003784,H008,152.96,36.31
CL006098,H110,182.41,93.16
CL013726,H008,153.32,35.11
CL008630,H110,165.97,88.97
CL010754,H101,61.62,86.48
CL011259,H099,306.85,135.07
CL014496,H060,180.29,38.72
CL004201,H058,140.21,200.75
CL011729,H039,215.88,60.21
CL027766,H110,179.01,88.47
CL027454,H051,93.05,14.56
CL005893,H093,95.86,145.9
CL032083,H027,198.01,146.45
CL027763,H104,225,215.28
CL023472,H070,210.89,225.82
CL022367,H012,1.4,144.82
CL020092,H009,15.72,129.39
CL031946,H052,251.15,183.07
CL027980,H096,225.61,143.96
CL025068,H069,141.3,196.73
CL008507,H086,263.58,157.89
CL025255,H039,208.58,52.94
CL019537,H085,248.97,118.4
CL014096,H057,88.22,148.04
CL005263,H039,214.5,67.67
CL022185,H103,237.97,159.59
CL016648,H063,63.04,55.04
CL014812,H067,130.75,93.8
CL002391,H077,222.94,205.45
CL006807,H001,84.77,157.26
CL002897,H032,113.74,50.77
CL015471,H064,111.12,80.18
CL002756,H003,190.34,224.13
CL013246,H109,80.49,156.35
CL006731,H025,275.55,100.56
CL010409,H007,177.59,77.21
CL011268,H112,22.18,203.62
CL009539,H071,120.93,196.42
CL008744,H016,144.3,200.83
CL019194,H064,102.99,76.67
CL017511,H070,144.01,93.99
CL030126,H070,212.1,169.92
CL024598,H065,94.42,123.8
CL024558,H019,237.61,221.18
CL025653,H117,211.44,126.13
CL032365,H014,137.99,169.37
CL009284,H068,118.66,175.17
CL013991,H025,298.05,106.35
CL005895,H096,223.88,145.83
CL030526,H095,132.85,189.28
CL024692,H052,272.51,182.05
CL003458,H119,210.85,12.13
CL005788,H092,204.75,66
CL010590,H113,184.74,209.02
CL022470,H004,222.95,134.68
CL030796,H004,243.43,139.44
CL013639,H033,53.73,99.09
CL007926,H061,111.38,71.09
CL023858,H008,128.04,37.42
CL002261,H040,219.31,46.33
CL001109,H048,113.31,52.18
CL001186,H034,122.95,142.71
CL027688,H008,138.83,26.3
CL028851,H016,137.02,205.03
CL023987,H027,197.85,142.82
CL029153,H096,277.16,176.29
CL001470,H120,42.81,145
CL010075,H014,138.26,174.7
CL010729,H042,166.61,-9.53
CL022450,H105,8.64,148.99
CL014629,H059,145.35,187.75
CL028772,H100,-4.68,175.35
CL000845,H002,133.69,187.48
CL008378,H029,82.64,102.93
CL013521,H017,123.83,207.4
CL017398,H061,106.15,82.15
CL003363,H112,19.57,222.15
CL007928,H062,156.54,187.29
CL015617,H111,137.85,183.24
CL007991,H013,-4.02,207.77
CL024751,H008,152.74,34.93
CL032252,H114,65.55,212.86
CL017336,H006,181.54,140.52
CL015122,H061,109.71,75
CL008954,H006,175.74,136.85
CL030133,H082,127.55,44.81
CL008169,H100,-6.51,169.66
CL020737,H112,-6.02,162.38
CL011810,H024,254.14,203.3
CL003352,H084,295.73,127.82
CL007185,H017,92.26,199.08
CL001945,H028,210.43,147.81
CL029164,H112,-8.34,196.62
CL013182,H036,171,131.93
CL006360,H002,148.57,180.72
CL027455,H052,276.33,187.57
CL027147,H030,60.61,100.08
CL017457,H011,4.16,178.29
CL021424,H015,115.79,153.76
CL009257,H025,300.79,113.81
CL032638,H116,291.02,178.12
CL004744,H066,204.12,-8.66
CL032917,H096,233.1,145.88
CL013093,H048,111.47,54.16
CL018310,H076,176.43,213.21
CL013959,H096,227.86,146.01
CL015225,H091,193.4,31.83
CL023990,H034,138.69,136.56
CL019943,H053,208.18,5.43
CL000402,H074,58.49,37.02
CL003438,H079,129.9,67.48
CL032202,H056,139.08,110.74
CL024576,H043,211.28,46.71
CL002385,H072,159.41,162.85
CL025840,H101,66.58,83.22
CL025761,H012,4.04,156.66
CL005995,H111,122.31,166.31
CL021445,H045,161.59,77.14
CL007757,H084,314.14,129.43
CL003908,H041,231.21,54.34
CL023479,H075,86.1,139.64
CL020601,H060,194.49,29.76
CL004544,H052,258.77,177.38
CL026165,H054,55.17,208.19
CL017771,H072,161.56,174.62
CL009842,H114,42.97,190.5
CL009778,H012,13.67,170.18
CL020870,H020,163.85,206.64
CL017329,H004,225.36,132.94
CL029649,H028,224.86,149.93
CL026813,H034,161.28,134.72
CL020393,H034,137.52,140.09
CL026106,H055,103,67.17
CL024203,H098,240.84,79.82
CL004796,H009,2.54,150.39
CL024078,H017,94.13,194.98
CL018725,H040,211.47,95.19
CL005989,H086,256.86,150.51
CL006586,H006,191.6,140.18
CL001792,H016,98.02,206.45
CL020867,H018,151.13,214.27
CL027662,H107,47.37,108.67
CL015846,H035,190.35,119.46
CL028741,H054,-7.75,163.58
CL011012,H058,121.24,187.71
CL021451,H053,207.47,3.89
CL022435,H091,197.31,42.7
CL002151,H027,195.58,140.52
CL032908,H075,73.15,174.13
CL033114,H079,134.97,99.06
CL029627,H009,0.35,144.41
CL018432,H012,-1.37,173.81
CL015123,H061,122.12,89.94
CL027931,H039,207.43,87.91
CL018494,H105,22.45,153.12
CL027255,H051,75.03,27.13
CL017433,H120,32.08,116.9
CL024750,H008,147.71,49.7
CL019178,H042,204.12,31.61
CL026094,H039,216.41,58.28
CL006943,H029,83.56,108.8
CL010331,H045,147.56,79.39
CL010329,H042,214.23,2.13
CL001462,H110,174.39,95.14
CL014782,H023,154.94,193.65
CL006881,H074,72.28,38.1
CL004619,H014,125.3,177.14
CL023946,H112,20.86,199.66
CL007583,H066,209.38,33.95
CL010863,H009,4.39,142.78
CL001435,H057,87.63,183.68
CL028568,H004,235.85,131
CL021412,H006,179.32,139.76
CL020422,H081,233.96,126.05
CL025340,H013,-7.13,187.88
CL011809,H019,227.16,221.73
CL029218,H034,136.98,136.99
CL006526,H051,87.16,15.95
CL022401,H046,147.1,40.58
CL009790,H033,44.05,63.24
CL024977,H093,78.03,161.26
CL016851,H081,253.06,147.3
CL009747,H111,130.48,206.94
CL019049,H093,78.06,166.1
CL009839,H110,178.91,97.22
CL019996,H003,197.23,224.27
CL019261,H017,98.5,207.09
CL027928,H036,172.2,133.08
CL019130,H002,140.83,168.05
CL000806,H055,72.8,52.46
CL027300,H001,74.58,170.29
CL032950,H009,55.08,182.8
CL001411,H024,240.51,197.32
CL001243,H054,27.03,207.6
CL017593,H051,80.45,24.81
CL021138,H039,174.68,64.09
CL028572,H006,180.6,135.39
CL022215,H009,20.16,171.68
CL000600,H106,129.62,173.11
CL024320,H021,209.06,210.83
CL023298,H102,129.7,0.68
CL009990,H013,-10.34,174.01
CL032346,H118,-1.68,188.2
CL014618,H022,241.78,186.39
CL016572,H071,67.15,31.99
CL015864,H070,122.13,11.27
CL022533,H079,126.36,108.15
CL008526,H114,58.77,202.08
CL001308,H021,166.33,223.26
CL024095,H039,213.94,61.49
CL009154,H026,292.02,185.23
CL009874,H008,156.82,28.92
CL013770,H068,148.19,202.25
CL018610,H016,142.28,194.9
CL028179,H013,3.86,213.51
CL032971,H028,208.13,144.21
CL008330,H111,147.09,191.24
CL032237,H093,58.47,159.87
CL033059,H025,290.51,102.44
CL025646,H100,-10.75,163.01
CL007543,H114,59.94,209.82
CL009023,H100,0.02,160.59
CL029671,H060,193.53,27.83
CL008370,H020,177.42,187.97
CL024887,H066,61.87,126.67
CL005731,H027,221.85,144.4
CL027594,H025,292.54,102.75
CL022737,H074,60.77,43.6
CL024006,H055,94.07,64.97
CL026364,H073,143.07,60.56
CL003641,H116,138.84,194.57
CL026505,H015,114.1,156.54
CL018856,H061,106.54,94.05
CL019618,H055,101.74,82.89
CL003308,H033,60.48,97.25
CL003034,H111,146.92,190.73
CL004922,H096,224.47,146.06
CL020903,H060,192.11,28.51
CL027838,H045,166.37,79.11
CL022199,H119,174.75,30.49
CL024024,H079,169.11,96.23
CL011177,H004,217.79,143.36
CL031014,H033,66.14,97.18
CL004123,H083,108.55,55.27
CL013920,H016,141.92,209.53
CL023567,H080,55.57,141.73
CL017432,H118,6.07,176.11
CL002771,H008,153.4,50.37
CL033004,H074,62.85,46.25
CL026724,H033,64.46,97.66
CL007104,H035,188.58,118.61
CL026989,H069,133.81,180.61
CL003905,H038,148.26,169.02
CL029251,H070,101.7,167.25
CL005206,H120,34.79,124.4
CL019428,H084,288.58,118.99
CL031242,H092,182.53,69.8
CL011539,H045,167.72,68.42
CL012723,H066,210.04,117
CL020216,H024,259.54,201.27
CL020812,H079,159.26,148.66
CL007365,H116,171.82,97.45
CL032014,H065,101.99,120.72
CL029478,H074,62.21,46.88
CL014452,H009,6.19,149.2
CL003229,H061,104.37,83.75
CL024716,H086,263.99,144.29
CL020583,H043,192.99,39.17
CL008296,H046,154.47,27.4
CL005256,H033,39.06,106.11
CL019237,H004,200.96,130.66
CL016525,H005,41.12,116.81
CL013779,H080,67.65,135.82
CL023594,H024,252.5,206.65
CL002503,H016,147.06,203.85
CL009647,H103,229.52,143.2
CL020114,H035,188.99,116.82
CL005906,H110,171.76,94.21
CL012799,H053,212.54,2.27
CL019977,H100,5.27,173.76
CL020580,H036,174.88,138.55
CL028159,H111,145.13,189.45
CL019168,H033,63.46,100.45
CL025118,H005,44.1,112.89
CL020777,H027,199.79,137.27
CL010003,H032,97.5,52.13
CL024733,H117,163.68,115.65
CL023589,H016,146.53,192.57
CL018505,H001,71.68,156.49
CL005727,H022,222.39,191.85
CL027025,H002,143.84,175.74
CL001417,H028,200.29,129.32
CL002069,H055,103.62,65.89
CL009238,H007,192.83,70.51
CL004525,H028,209.81,147.13
CL029017,H034,124.39,126.99
CL011000,H042,211.35,6.16
CL025095,H111,148.56,188.97
CL011931,H051,83.3,25.8
CL017296,H074,59.97,44.98
CL009355,H024,275.24,180.82
CL000642,H061,97.07,90.33
CL022806,H025,288.73,103.23
CL026758,H070,34.25,203.79
CL015128,H070,94.84,24.8
CL023888,H034,126.65,150.86
CL013765,H062,161.48,189.6
CL018803,H004,218.75,137.21
CL011750,H075,75.27,153.92
CL018927,H034,139.12,139.04
CL023413,H108,9.72,161.82
CL008672,H032,101.21,54.09
CL002910,H050,130.97,82.74
CL030236,H113,201.14,202.27
CL003254,H098,89.81,20.46
CL021170,H070,228.82,174.85
CL025578,H101,68.71,85.19
CL029587,H072,131.06,202.88
CL013269,H017,108.78,206.31
CL017325,H003,216.25,228.03
CL023231,H002,134.42,175.41
CL006338,H093,70.05,166.73
CL018671,H112,20.91,197.54
CL001412,H024,244.82,184.64
CL017214,H112,-5.12,187.85
CL004573,H102,141.33,-21.75
CL030608,H055,100.94,65.33
CL010669,H081,245.97,142.91
CL016659,H075,56.42,146.18
CL017568,H014,140.96,179.14
CL000894,H053,205.09,7.83
CL005184,H076,190.37,225.77
CL004268,H036,194.13,152.39
CL024616,H079,150.41,131.57
CL027363,H039,179.02,20.6
CL012969,H013,-10.62,205.83
CL006792,H106,134.96,190.51
CL021089,H103,222.19,150.85
CL005556,H119,178.8,-3.26
CL004135,H112,20.79,205.2
CL004919,H089,228.65,140.85
CL031089,H009,0.14,147.17
CL033421,H035,188.32,101.08
CL010812,H067,139.95,93.4
CL019652,H101,50.95,46.54
CL012302,H110,176.54,68.11
CL026376,H090,202.3,147.93
CL020890,H044,167.01,41.06
CL027661,H100,-7.71,180.34
CL022061,H049,148.09,207.68
CL004124,H083,99.24,65.64
CL007899,H027,202.88,136.52
CL030438,H098,255.65,93.92
CL018192,H061,121.62,76.32
CL022591,H013,-10.64,199.53
CL033039,H006,195.7,129.02
CL033426,H039,218.39,56.75
CL033362,H081,248.95,146.93
CL012098,H001,77.1,142.07
CL017163,H018,156.18,200.56
CL006910,H112,16.96,195.28
CL018742,H057,68.51,156.34
CL012901,H061,116.64,71.11
CL029448,H028,198.29,134.47
CL029948,H013,-13.01,203.6
CL011770,H118,-11.91,174.73
CL017142,H002,139.17,176.11
CL003043,H001,85.63,148.69
CL018073,H036,157.22,136.22
CL009136,H005,56.78,117.56
CL028825,H091,212.94,52.17
CL023032,H004,226.16,116.73
CL002359,H050,100.37,65.15
CL018655,H085,254.03,129.55
CL021588,H100,-13.75,176.87
CL011003,H045,181.78,23.03
CL004571,H098,249.8,86.75
CL012317,H005,61.74,109.48
CL016033,H001,83.88,130.28
CL020650,H004,215.11,131.08
CL025611,H033,88.51,64.06
CL032978,H035,197.81,120.85
CL014112,H070,145.47,37.94
CL024045,H113,180.53,204.16
CL023186,H034,140.71,139.87
CL009631,H076,202.81,229.49
CL003342,H070,145.92,142.45
CL024632,H100,-12.89,173.82
CL007713,H013,-13.05,197.18
CL006951,H042,216.32,4.41
CL032680,H056,145,64.24
CL015909,H039,231.04,92.37
CL004273,H042,216.6,1.42
CL004245,H004,214.67,133.31
CL005977,H070,223.87,149.87
CL015268,H043,199.56,54.89
CL031022,H045,163.65,82.83
CL022941,H096,199.27,149.69
CL018113,H080,48.3,159.23
CL016498,H071,117.19,202.53
CL013622,H011,5.26,156.91
CL031177,H008,152.98,36.08
CL028693,H010,46.18,200.1
CL027044,H014,117.32,156.98
CL007717,H015,133.7,191.46
CL000338,H004,217.94,131.25
CL020314,H023,161.17,193.78
CL025690,H037,189.03,71.08
CL007304,H034,138.46,133.37
CL023616,H066,109.28,25.96
CL004461,H080,57.2,148.04
CL017486,H042,204.32,7.1
CL016633,H037,199.53,82.86
CL028460,H005,53.7,101.71
CL003086,H070,29.41,140.34
CL026349,H057,74.24,161.94
CL023573,H112,-3.91,205.41
CL026877,H040,231.5,73.9
CL007628,H015,107.66,152.82
CL030208,H074,68.18,49
CL022449,H105,-2.91,158.46
CL017330,H004,194.88,142.41
CL002939,H093,80.71,157.41
CL011090,H025,296.82,104.43
CL012680,H009,2.12,157.75
CL030727,H119,193.53,10.38
CL000148,H017,100.11,209.01
CL005371,H008,144.4,31.11
CL031542,H034,144.62,125.43
CL022909,H025,288.43,114.74
CL027524,H039,195.27,47.39
CL018314,H078,21.08,180.31
CL021259,H059,89.98,167.47
CL031507,H002,154.67,215.24
CL017647,H007,193.25,71.06
CL020547,H004,231.51,145.05
CL032084,H028,212.56,145.42
CL030097,H002,120.84,164.22
CL013801,H111,147.14,191
CL010862,H008,161.93,26.49
CL001263,H085,248.03,135.01
CL030989,H002,135.28,182.11
CL019459,H002,135.9,178.01
CL019794,H001,57.96,172.04
CL003144,H063,150.62,103.68
CL032663,H026,293.01,184.41
CL032265,H007,168.72,27.84
CL027139,H018,154.09,197.6
CL011273,H120,37.6,115.58
CL000427,H001,66.99,135.97
CL013040,H001,121.93,122.75
CL006465,H002,149.55,173.59
CL011070,H008,150.62,34.06
CL016926,H034,137.92,136.47
CL021043,H008,151.55,49.12
CL015301,H100,-6.82,176.12
CL019501,H035,185.37,115.1
CL013977,H006,183.72,160.52
CL026927,H006,182.72,143.39
CL001709,H046,146.27,30.45
CL012952,H006,162.47,136.65
CL032567,H004,218.29,131.44
CL012016,H054,29.74,182.18
CL027122,H005,36.77,93.51
CL009977,H005,55.08,101.49
CL031457,H052,279.09,179.2
CL019898,H003,179.62,219.91
CL009209,H079,134.27,119.56
CL011145,H083,124.26,42.73
CL025984,H034,139.02,133.71
CL029730,H008,117.85,10.4
CL002341,H019,237.09,218.97
CL019718,H081,243.54,129.72
CL009968,H001,91.15,124.81
CL015689,H080,36.38,159.5
CL030297,H035,173.72,111.74
CL030582,H026,297.2,182.41
CL030739,H008,148.67,35.77
CL022530,H075,60.16,168.19
CL026060,H008,153.02,58.56
CL005093,H112,39.35,205.79
CL010162,H058,135.07,195.42
CL002214,H003,197.31,224.22
CL025120,H008,152.74,38.01
CL012171,H065,100.77,123.01
CL024126,H093,74.76,157.82
CL033194,H034,145.12,132.62
CL027855,H058,137.51,195.62
CL012055,H007,196.36,76.35
CL029621,H007,193.99,70.31
CL010927,H088,114.36,155.81
CL000544,H010,27.49,202.33
CL009506,H007,184.28,48.72
CL016821,H035,192.37,94.67
CL007319,H056,141.95,67.35
CL027894,H004,213.81,150.41
CL033260,H013,-13.98,200.55
CL030137,H093,79.94,168.13
CL024967,H074,68.47,73.79
CL024086,H032,107.23,53.46
CL011536,H041,226.93,68.21
CL002281,H065,101.13,135.81
CL029835,H011,11.87,183.81
CL010030,H074,71.84,44.64
CL017551,H004,211.44,122.59
CL025955,H004,227,129.04
CL018797,H002,152.74,179.54
CL028567,H004,231.58,141.72
CL018433,H013,-11.12,208.37
CL008967,H013,8.15,221.02
CL009993,H013,8.23,198.71
CL026057,H005,51.94,113.04
CL031388,H091,189.16,38.82
CL003819,H046,163.53,29.91
CL003533,H085,267.22,145.53
CL016446,H007,180.92,44.39
CL023612,H063,153.94,91.37
CL009966,H114,28.96,215.88
CL030863,H079,130.14,108.97
CL007997,H016,146.84,211.35
CL009569,H005,53.64,110.24
CL010292,H002,147.3,185.8
CL027709,H024,249.65,197.56
CL031435,H017,113.54,197.27
CL003295,H016,138.32,202.39
CL028458,H004,216.21,128.44
CL003411,H040,219.71,97.75
CL024567,H030,41.45,104.05
CL015664,H041,235.59,61.42
CL024010,H065,103.18,131.15
CL031082,H005,50.71,113.44
CL000694,H023,160.59,190.49
CL014981,H027,189.4,140.28
CL008689,H051,95.08,29.78
CL009575,H007,211.51,87.69
CL029410,H085,246.38,132.66
CL017032,H066,186.67,124.94
CL022990,H051,85.81,19.6
CL021706,H004,215.07,134.07
CL011107,H041,209.81,61.9
CL022373,H016,148.15,204.13
CL016657,H074,61.98,44.61
CL025663,H007,201.64,72.84
CL023417,H119,185.78,23.14
CL027401,H086,226.48,193.62
CL020034,H054,29,206.18
CL033084,H050,125.81,42.45
CL003916,H046,134.43,52.89
CL001665,H002,134.39,130.06
CL015367,H046,148.56,41.82
CL028181,H016,146.19,207.37
CL000263,H016,151.85,205.58
CL007389,H010,35.11,193.32
CL006218,H004,223.76,119.88
CL012342,H031,81.09,46.16
CL022756,H096,241.56,125.89
CL026514,H023,152.01,204.94
CL024175,H053,220.88,8.3
CL026949,H025,300.59,105.7
CL033044,H007,192.5,69.9
CL013538,H042,182.24,-17.36
CL029270,H110,182.93,103.26
CL016364,H036,178.82,133.39
CL014034,H093,80.65,159.5
CL022707,H038,145.13,160.05
CL027618,H052,239.42,151.36
CL002526,H063,156.49,1.98
CL016207,H072,152.51,170.07
CL030808,H012,29.46,157.02
CL012929,H104,236.47,199.31
CL006438,H085,237.94,130.82
CL028148,H081,246.24,153.09
CL032902,H066,201.83,125.86
CL021981,H094,219.88,124.82
CL033136,H103,230.55,162.92
CL029235,H057,73.24,163.82
CL018076,H042,219.48,8.87
CL018746,H058,134.2,197.11
CL001278,H120,40.01,121.21
CL005385,H023,166.18,196.6
CL016826,H039,222.65,48.47
CL020980,H037,180.33,88.54
CL009969,H001,100.69,157.28
CL004856,H091,193.94,44.68
CL011546,H059,111.15,162.78
CL028809,H065,98.44,115.52
CL025170,H060,212.92,30.73
CL019739,H004,225.42,135.78
CL024414,H106,136.72,164.98
CL012469,H052,274.45,189.69
CL003243,H072,148.3,171.74
CL022698,H023,155.76,193.91
CL004437,H054,26.59,203.79
CL013092,H048,122.44,51.94
CL018141,H005,100.61,115.74
CL018118,H086,272.41,152.51
CL030804,H008,153.91,35.45
CL005240,H020,167.91,208.9
CL015379,H066,38.8,122.47
CL004882,H013,-10.68,197.53
CL001821,H070,304.25,138.48
CL003071,H037,173.04,96.81
CL008149,H067,134.38,91.17
CL030131,H079,137.59,106.21
CL030007,H093,73.24,155.27
CL004562,H071,58.99,76.22
CL010954,H002,139.49,176.38
CL018100,H065,98.93,136.8
CL032482,H020,156.17,206.02
CL013397,H003,207.44,232.57
CL004384,H108,7.41,148.46
CL011257,H097,219.4,140.12
CL001066,H010,36.5,210.23
CL026752,H063,231.97,160.21
CL008607,H079,131.18,109.29
CL010930,H092,197.51,87.57
CL032880,H046,144.17,45.76
CL014748,H110,195.84,113.56
CL026157,H037,173.78,91.87
CL004533,H039,214.28,56.98
CL018056,H010,43.47,205.85
CL025571,H087,194.88,154.67
CL000542,H009,1.94,146.28
CL021593,H103,220.76,145.62
CL026570,H105,24.73,184.99
CL012758,H005,49.67,113.62
CL000460,H030,56.58,106.57
CL001699,H034,127.23,127.39
CL020235,H043,209.09,48.01
CL016593,H003,198.17,217.72
CL029391,H033,63.59,112.57
CL007655,H066,200.98,117.15
CL022744,H082,127.12,43.93
CL012005,H036,171.28,130.01
CL008419,H096,215.75,153.83
CL003177,H007,183.4,70.42
CL031990,H007,187.55,58.73
CL033297,H079,99.62,118.31
CL004200,H057,82.9,145.28
CL020768,H008,146.15,30.96
CL018286,H046,143.11,30.29
CL004665,H070,191.99,19.49
CL018513,H007,160.63,19.96
CL012461,H042,199.67,6.52
CL008053,H100,-6.69,152.47
CL002373,H063,169.4,-13.97
CL031499,H114,46.66,206.61
CL028622,H060,186.9,32.31
CL012996,H046,142.14,47.11
CL014695,H037,174.59,89.36
CL025702,H054,26.28,201.05
CL028106,H019,233.06,222.69
CL029008,H024,253.62,203.99
CL021309,H007,193.35,44.97
CL018677,H120,38.7,120.4
CL016025,H102,138.46,-22.03
CL016760,H079,142.88,134.84
CL001590,H017,81.85,203.32
CL024815,H079,130.79,109.65
CL008855,H071,72.42,20.81
CL029934,H003,201.14,233.58
CL001931,H014,144.93,171.79
CL006952,H043,212.38,40.02
CL019075,H010,33.46,192.94
CL029442,H017,99,210.18
CL001571,H004,216.42,129.46
CL030997,H005,16.22,140.89
CL022297,H042,214.12,2.4
CL006663,H095,129.88,194.73
CL026568,H103,233.19,166.44
CL020418,H070,207.88,135.41
CL013631,H020,167.62,206.14
CL033214,H065,79.62,113.61
CL030545,H120,54.25,119.85
CL026475,H098,150.52,-10.5
CL007435,H070,176.92,79.51
CL029541,H024,251.49,202.39
CL030860,H069,127.51,176.11
CL033354,H068,162.28,200.08
CL001844,H001,86.14,139.07
CL020088,H007,192.52,77.95
CL031684,H082,124.43,43.06
CL016254,H008,150.83,38.66
CL009469,H070,226.87,150.42
CL020416,H070,222.86,176.11
CL026785,H114,37.75,222.54
CL004519,H023,151.97,191.82
CL031958,H070,92.87,79
CL021056,H025,294.15,108.13
CL002149,H022,237.02,188.3
CL022496,H023,151.11,205.2
CL007308,H045,167.22,79.65
CL013116,H070,219.16,143.39
CL007145,H086,264.47,157.36
CL023193,H045,149.19,76.63
CL030034,H008,166.35,23.12
CL004373,H092,190.67,69.2
CL016915,H025,299.03,122.55
CL025116,H005,36.32,83.65
CL023340,H005,63.71,91.79
CL031251,H103,222.07,129.52
CL030745,H017,99.65,209.7
CL004715,H028,213.49,141.82
CL007100,H034,147.06,135.84
CL026739,H055,101.57,66.46
CL000646,H072,142.81,171.75
CL007027,H062,161.35,188.17
CL016024,H102,150.69,-18.08
CL025290,H075,70.57,154.36
CL006657,H082,124.51,40.49
CL029624,H008,151.29,36.62
CL019452,H114,42.51,212.34
CL023194,H046,141.36,29.34
CL029128,H056,139.54,67.49
CL011621,H023,155.63,193.98
CL006320,H062,165.46,186.07
CL028011,H008,112.88,-0.76
CL023787,H037,179.33,93.95
CL029206,H024,254.85,202.05
CL017363,H028,212.99,148.32
CL016367,H042,204.85,-0.42
CL025348,H017,98.35,205.56
CL012209,H002,135.67,185.68
CL003721,H006,179.88,142.65
CL020310,H017,84.84,187.96
CL019460,H003,189.62,226.34
CL019093,H043,205.69,42.48
CL000984,H033,70.17,83.19
CL008692,H058,129.9,199.59
CL016997,H006,181.55,141.26
CL025701,H053,204.4,7.07
CL014566,H042,215.76,1.56
CL030276,H019,225.66,223.69
CL014825,H098,238.32,101.26
CL000859,H010,41.52,142.94
CL031887,H078,38.25,187.09
CL026443,H058,142.69,201.45
CL010824,H081,248.46,146.54
CL011094,H032,82.99,76.84
CL009451,H042,210.11,0.56
CL009303,H103,224.28,149.8
CL021115,H012,4.38,140.91
CL012504,H098,138.65,55.94
CL028177,H007,197.43,69.25
CL023938,H096,215.55,156.28
CL007271,H006,188.94,145.87
CL024896,H086,264.31,159
CL005324,H100,-14.7,166.83
CL028178,H007,192.76,69.58
CL014439,H115,47.43,193.4
CL031588,H101,63.85,76.59
CL015690,H082,124.12,39.6
CL006391,H021,179.15,218.69
CL025734,H105,10.18,166.96
CL003851,H093,71.63,174.93
CL011735,H051,86.13,16.97
CL031557,H056,142.87,65.74
CL008888,H028,213.88,145.95
CL012960,H008,203.17,21.71
CL016956,H072,163.78,162.05
CL012678,H007,184.91,77.64
CL031141,H093,101.22,128.73
CL017282,H054,26.69,207.62
CL018255,H009,5.27,138.58
CL031494,H106,133.83,162.33
CL023998,H043,205.86,48.02
CL020696,H048,105.13,51.08
CL027277,H086,263.73,157.9
CL000215,H098,243.99,86.45
CL006948,H036,173.95,129.67
CL029199,H014,133.32,170.94
CL033022,H112,16.89,205.64
CL033235,H086,281.45,153.22
CL002176,H052,296.49,188.35
CL013338,H017,105.12,207.49
CL018232,H107,49.4,131.65
CL011452,H120,39.78,126.54
CL013868,H068,135.57,196.32
CL016453,H010,50.11,210.18
CL008228,H066,155.22,176.91
CL023111,H084,307.27,131.58
CL021992,H109,81.84,176.24
CL022709,H039,214.75,61.77
CL018440,H018,176.41,192.4
CL001369,H100,-1.86,183.62
CL022527,H070,125.06,146.5
CL029667,H058,133.9,204.75
CL028736,H047,194.9,15.73
CL013177,H025,324.86,120.32
CL026306,H014,131.62,174.64
CL006809,H001,78.13,151.61
CL029007,H023,156.7,173.68
CL022572,H004,230.94,123.64
CL028903,H004,211.78,132.88
CL028657,H116,181.9,116.61
CL012557,H049,170.07,202.08
CL012012,H049,148.79,194.49
CL005015,H017,90.77,208.12
CL003447,H100,3.14,175.48
CL028780,H117,198.03,138.32
CL026134,H100,3.54,159.49
CL013798,H110,167.31,95.45
CL018340,H119,193.56,11.05
CL021233,H019,242.07,217.7
CL011567,H089,238.36,173.24
CL022018,H007,198.79,74.81
CL032155,H004,218.34,129.8
CL002522,H063,139.13,-10.5
CL008231,H069,133.6,188.98
CL026723,H032,93.01,40.87
CL019402,H044,166.6,43.98
CL017864,H006,192.42,147.98
CL029203,H016,154.58,210.65
CL010586,H105,4.74,161.86
CL023008,H070,60.34,158.92
CL003473,H006,181.72,140.84
CL028709,H022,236.3,187.65
CL029540,H024,258.84,203.8
CL007973,H002,103.8,175.6
CL001631,H065,106.61,125.05
CL022462,H002,136.25,162.81
CL028425,H066,269.9,160.86
CL008335,H002,149.53,181.81
CL032853,H018,155.26,197.8
CL025113,H004,217.58,134.36
CL029911,H089,240.7,181.07
CL007041,H071,59.2,93.67
CL022568,H004,216.42,131.85
CL025460,H023,171.12,169.33
CL000419,H106,139.33,158.27
CL005153,H035,161.52,147.51
CL015746,H017,102.17,205.78
CL022209,H005,51.19,119.27
CL023930,H083,123.61,43.41
CL014253,H008,144.84,35.32
CL009287,H070,213.5,156.73
CL024667,H020,177.99,188.26
CL002137,H012,17.54,127.2
CL000118,H005,45.72,117.23
CL009976,H004,211.66,134.71
CL028330,H093,74.26,152.07
CL010860,H008,157.71,34.88
CL028862,H034,142.07,134.29
CL022446,H100,-9.86,178.91
CL001525,H066,200.92,115.6
CL024029,H086,282.85,170.64
CL020056,H079,138.31,58.37
CL020690,H041,234.36,51.73
CL028414,H041,215.78,57.16
CL021574,H073,111.19,69.73
CL033473,H115,49.54,192.89
CL024442,H009,-2.96,156.49
CL012574,H070,136.63,190.97
CL000124,H006,172.63,141.46
CL019524,H070,173.35,107.67
CL025772,H022,234.64,190.89
CL011686,H002,141.12,168.79
CL017057,H102,131.84,-6.65
CL004349,H054,20.68,206.52
CL001481,H004,214.22,132.71
CL015762,H048,109.42,57.06
CL017624,H100,-14.55,172.49
CL025168,H058,139.52,197.36
CL009112,H083,130.52,48.62
CL006738,H033,66.08,96.74
CL020465,H015,124.6,195.11
CL001767,H106,125.99,151.12
CL017449,H006,183.46,145.88
CL009696,H034,138.57,137.9
CL030451,H120,24.32,122.06
CL017700,H070,162.12,87.93
CL029458,H056,143.77,69.98
CL023247,H021,179.59,212.53
CL027089,H083,130.58,22
CL031297,H061,111.66,81.89
CL017517,H081,244.05,146.66
CL009502,H007,151.08,101.75
CL004447,H062,171.58,177.12
CL025581,H104,245.15,210.5
CL030579,H022,239.05,188.49
CL003762,H090,204.22,146.53
CL009579,H008,147.51,43.45
CL000303,H070,117.1,72.19
CL012050,H003,208.03,214.01
CL024807,H069,124.89,133.24
CL015401,H093,64.53,157.33
CL009816,H068,157.82,211.76
CL016107,H065,93.21,124.17
CL016457,H013,-9.21,207.09
CL002218,H004,208.23,127.74
CL018139,H004,219.52,134.32
CL003383,H006,206.2,161.16
CL029005,H022,239.26,182.23
CL004730,H048,112.58,58.12
CL020566,H017,111.24,200.33
CL007691,H004,212.38,131.84
CL032145,H117,191.59,120.49
CL029480,H077,227.28,192.13
CL008711,H097,216.06,120.98
CL031916,H005,44.6,109.27
CL002159,H033,54.48,102.75
CL022445,H099,319.4,134.05
CL019185,H052,283.98,188.86
CL002112,H097,205.19,118.91
CL021205,H002,128.4,184.72
CL032909,H079,134.8,131.39
CL032038,H106,142.42,181.3
CL029385,H017,126.11,209.54
CL012913,H081,248.12,141.86
CL027888,H120,42.57,120.55
CL011975,H107,52.59,127.33
CL028478,H013,-12.27,201.68
CL019398,H039,211.4,52.07
CL007442,H091,193.66,56.91
CL008021,H046,153.7,15.06
CL002680,H022,241.02,194.97
CL019793,H001,73.08,141.22
CL023467,H066,292.71,154.56
CL019523,H070,140.29,38.26
CL009980,H007,197.85,77.64
CL008700,H070,222.17,149.83
CL005032,H039,216.52,77.4
CL005006,H008,164.33,76.03
CL032461,H004,186.67,124.24
CL002274,H054,37.74,176.87
CL016407,H080,52.03,104.02
CL015647,H018,152.37,198.06
CL031432,H014,134.89,174.1
CL008338,H002,128.25,163.44
CL001723,H063,153.1,-12.27
CL022474,H006,167.36,139.48
CL021760,H065,95.01,133.53
CL030844,H053,208.11,6.35
CL013562,H067,148.9,83.77
CL006653,H079,129.28,110
CL004909,H073,130.5,69.9
CL032940,H004,249.31,105.47
CL004505,H008,170.01,33.39
CL029171,H118,7.38,175.13
CL006135,H015,141.87,198.02
CL024618,H083,114.51,60.76
CL030100,H008,153.14,31.17
CL029962,H034,149.47,135.65
CL023703,H057,72.74,156.44
CL018607,H012,34.54,142.9
CL031797,H102,150.3,-22.36
CL018515,H009,0.02,145.74
CL032096,H040,218.06,96.29
CL000040,H031,78.25,44
CL003402,H031,87.46,45.26
CL021792,H105,6.39,165.49
CL005229,H009,1.35,144.57
CL021844,H035,185.66,116.76
CL019690,H029,96.08,110.62
CL004897,H056,137.11,90.4
CL031974,H114,43.14,215.29
CL026432,H036,170.69,96.89
CL019506,H040,212.82,95.2
CL028429,H075,77.76,143.94
CL016075,H033,73.83,98.92
CL003307,H033,46.41,96.58
CL026469,H087,194.74,155.87
CL024271,H074,63.74,49.38
CL020743,H116,86.46,114.31
CL006288,H005,53.49,113.05
CL022083,H092,195.05,60.51
CL010040,H083,124.68,36.42
CL024547,H005,41.19,101.87
CL020163,H101,62.29,90.81
CL022409,H057,76.66,160.3
CL023620,H070,177.22,74.82
CL033247,H116,100.8,167.79
CL025784,H033,64.15,100.31
CL005927,H004,221.66,136.82
CL032612,H063,175.66,-9.8
CL021733,H025,275.05,109.4
CL020051,H069,134.88,188.53
CL011468,H035,188.11,115.85
CL016654,H070,159.61,105.8
CL009695,H034,142.91,164.15
CL019418,H069,138.86,190.28
CL002023,H004,204.18,136.36
CL015308,H110,170.75,105.57
CL008555,H013,-11,200.34
CL016069,H029,76.01,114.25
CL020224,H031,73.11,34.05
CL014512,H075,97.8,121.73
CL028756,H071,128.91,107.36
CL008751,H025,306.74,108.71
CL022738,H074,59.91,34.13
CL016814,H027,186.33,135.99
CL032673,H039,217.23,59.19
CL020277,H101,65.1,85.68
CL026388,H111,146.14,189.46
CL001034,H100,-5.07,164.41
CL015743,H016,139.42,205.2
CL008655,H008,151.16,46.89
CL011541,H045,164.02,76.13
CL012045,H001,85.37,173.49
CL020937,H093,74.45,152.17
CL016329,H119,187.99,7.7
CL029785,H076,201.05,221.74
CL028585,H016,147.96,201.89
CL015056,H002,130.64,190.71
CL027016,H112,18.4,197.19
CL029555,H042,227.17,30.58
CL003002,H066,260.69,130.49
CL018270,H028,206.68,144.41
CL011962,H091,205.18,46.14
CL012710,H056,141.26,63.02
CL030888,H004,236.65,142.66
CL008853,H067,134.54,89.24
CL011526,H033,51.7,92.65
CL011957,H079,132.94,109.8
CL008544,H007,218,73.27
CL032660,H023,160.06,192.87
CL003999,H033,67.92,96.56
CL032095,H035,188.96,118.81
CL026806,H023,157.98,221.89
CL032966,H021,178.83,216.53
CL024292,H004,230.05,140.26
CL011511,H007,193.98,73.45
CL021828,H012,1.95,146.1
CL023824,H098,247.58,87.16
CL017452,H008,151.48,34.23
CL012962,H008,165.14,25.75
CL014689,H023,154.38,200.19
CL016650,H065,109.97,131.04
CL017396,H059,115.83,152.76
CL021245,H046,148.51,23.84
CL021279,H093,95,162.98
CL028537,H091,186.71,41.38
CL032055,H004,230.51,128.69
CL012561,H052,269.68,188.05
CL002614,H067,134.56,78.19
CL001979,H070,226.42,159.74
CL031498,H114,43.21,215.66
CL006992,H003,197.73,230.17
CL006297,H009,-1.45,164.69
CL009897,H024,255.99,203.23
CL020116,H043,205.97,45
CL004280,H046,169.77,24.03
CL016252,H007,170.8,74.76
CL010442,H039,216.62,72.86
CL014683,H015,136.93,189.15
CL008158,H082,133.55,45.95
CL010537,H034,144.61,130.72
CL001651,H100,-11.57,171.63
CL001976,H068,149.9,183.05
CL014926,H101,69.51,66.9
CL013662,H059,111.76,159.31
CL014756,H001,83.83,143.45
CL020574,H028,211.6,184.49
CL009678,H012,10.76,158.89
CL026860,H015,147.37,193.64
CL017261,H034,151.61,138.06
CL007456,H110,166.71,96.61
CL026554,H083,133.6,45.99
CL002316,H001,88.52,141.64
CL013049,H005,59.81,118.75
CL010838,H110,172.75,102.85
CL001076,H014,132.55,173.95
CL018280,H039,218.09,60.5
CL001483,H004,218.4,139.22
CL015019,H072,151.87,170.25
CL022472,H005,49.75,111.7
CL005387,H024,257,202.15
CL032292,H039,207.82,57.59
CL012529,H013,-6.28,198.93
CL002083,H067,148.84,83.86
CL005965,H053,200.44,10.26
CL028750,H063,174.08,60.39
CL023166,H019,219.55,207.25
CL023347,H008,155.19,32.43
CL017713,H091,196.28,39.68
CL006183,H070,61.49,77.87
CL005355,H004,223.5,126.06
CL019910,H012,0.44,150.43
CL026775,H100,-5.24,155.09
CL003748,H060,189.55,48.99
CL004599,H005,72.23,98.42
CL012602,H004,213.65,136.19
CL011533,H039,214.64,52.12
CL029428,H120,62.79,93.68
CL018909,H011,7.22,184.12
CL008064,H110,162.13,95.5
CL013584,H095,118.85,193.5
CL004956,H050,146.81,70.2
CL019746,H014,136.58,180.34
CL000498,H085,254.48,126.68
CL023992,H037,175.02,90.24
CL015412,H112,28.23,192.81
CL009670,H004,203.22,123.32
CL026619,H035,197.26,100.85
CL009198,H066,38.88,181.67
CL020375,H008,156.43,32.68
CL021758,H063,90.82,48.2
CL007156,H106,132.76,168.94
CL015570,H051,93.52,48.56
CL021101,H004,214.82,146.54
CL031883,H075,76.47,149.31
CL014501,H065,128.38,145.74
CL024447,H013,-3.02,204.68
CL006133,H013,-3.2,215.7
CL020503,H067,139.44,94.16
CL020014,H017,99.88,210.37
CL016787,H006,177.75,134.14
CL022613,H036,130.8,133.05
CL018510,H006,182.63,138.36
CL008821,H006,191.16,133.52
CL019564,H006,170.57,139.46
CL017390,H055,101.18,65.08
CL022261,H098,50.33,120.22
CL013908,H006,181.21,140.39
CL030729,H002,121.35,178.4
CL028228,H117,197.18,134.56
CL010391,H001,82.84,145.15
CL010741,H074,75.81,44.82
CL017209,H102,136.88,-19.29
CL031823,H006,182.45,156.24
CL024520,H088,122.41,152.28
CL009518,H034,140.09,136.01
CL020402,H062,155.12,193.54
CL010498,H001,79.31,146.78
CL032504,H049,150.75,203.32
CL000941,H117,193.09,137.18
CL003704,H101,65.75,77.97
CL005858,H059,109.74,153.17
CL013007,H065,61.76,120.98
CL020681,H027,200.49,151.98
CL007619,H006,186.6,148.36
CL013445,H046,144.56,26.73
CL011948,H072,155.67,171.81
CL024149,H003,180.21,216.2
CL004743,H065,96.47,118.34
CL005871,H068,142.15,207.85
CL020627,H091,199.27,43.28
CL007687,H003,201.02,234.03
CL012940,H001,71.94,147.04
CL021839,H026,291.99,177.96
CL012155,H049,152.87,202.52
CL020000,H006,178.34,135.42
CL008682,H043,180.88,60.66
CL014525,H101,101.18,66.23
CL016387,H058,134.16,200.62
CL025807,H053,214.82,11.15
CL001610,H034,152.18,140.51
CL025935,H103,224.07,151.27
CL019048,H083,117.39,34.57
CL026980,H057,74.87,147.46
CL022989,H048,112.36,64.69
CL022939,H096,225.2,146.88
CL030087,H101,69.23,107.92
CL032505,H049,156.51,208.58
CL012080,H063,88.47,163.52
CL018598,H006,172.57,130.98
CL000609,H004,224.95,119.62
CL018246,H002,133.8,158.32
CL003854,H097,212.83,101.41
CL021240,H033,62.97,97.37
CL007581,H063,164.99,-6.03
CL017059,H105,10.77,168.51
CL020101,H015,116.6,164.25
CL023579,H005,39.41,147.6
CL010412,H008,147.29,38.32
CL029883,H061,105.25,85.13
CL002639,H101,63.34,76.77
CL022885,H119,192.94,10.71
CL017822,H057,74.49,162.01
CL028795,H030,47.28,107.81
CL013099,H055,101.09,64.16
CL003072,H039,177.1,114.1
CL013625,H013,-14.66,202.87
CL031369,H062,153.32,196.54
CL012440,H027,195.52,171.98
CL019052,H095,126.9,194.39
CL008946,H002,135.18,175.77
CL017197,H070,223.11,143.78
CL024461,H022,223.31,167.17
CL017232,H008,153.11,35.59
CL025029,H027,189.54,143.82
CL020640,H120,28.15,114.94
CL020588,H050,100.03,55.86
CL028277,H039,216.83,57.06
CL023732,H111,145.06,187.61
CL028728,H040,202.8,107.48
CL028144,H070,237.42,151.66
CL008582,H046,113.22,37.62
CL009694,H033,67.39,99.46
CL022822,H043,233.18,57.23
CL024306,H013,29.83,202.28
CL027824,H033,56.85,135.29
CL009855,H001,91.7,140.52
CL006478,H004,221.56,130.62
CL026867,H023,158.3,198.47
CL030014,H108,15.68,165.49
CL013760,H059,109.14,160.59
CL000159,H035,185.1,122.25
CL014517,H086,278.75,158.05
CL010219,H015,134.57,185.22
CL027705,H022,235.17,180.51
CL031729,H008,140.22,34.14
CL028668,H003,256.51,188.94
CL033215,H066,207.11,67.39
CL005349,H003,230.68,179.53
CL005638,H015,135.53,181.65
CL029116,H039,216.73,57.1
CL026826,H066,203.92,114.95
CL005402,H041,234.99,53.05
CL016411,H085,246.1,133.07
CL024850,H004,189.24,110.24
CL017565,H010,25.49,161.53
CL023383,H060,195.19,47.9
CL005611,H091,203.84,52.34
CL025051,H051,97.36,17.25
CL021273,H085,260.13,141.76
CL002579,H025,287.12,108.16
CL032250,H106,160.89,160.92
CL027950,H060,190.22,35.87
CL030481,H017,97.46,210.86
CL000424,H116,309.55,115.49
CL024088,H033,62.81,103.13
CL007856,H085,223.03,149.03
CL026583,H003,195.38,228.17
CL023734,H117,187.88,123.17
CL024315,H018,161.56,196.96
CL021335,H029,73.56,136.23
CL009055,H012,19.2,135.94
CL020278,H103,226.52,153.5
CL010772,H004,220.08,124.6
CL013396,H003,200.33,235.28
CL010587,H110,142.3,107.18
CL007160,H111,143.51,190.33
CL012467,H051,87.78,19.3
CL000035,H023,159.85,189.42
CL014438,H115,53.56,185.24
CL010644,H043,191.81,52.79
CL007551,H003,210.82,235.38
CL022050,H035,190.46,115.22
CL000903,H063,130.98,53.58
CL021256,H058,135.94,198.29
CL009385,H058,129.77,189.18
CL027074,H065,102.01,124.99
CL015914,H051,87.8,24.98
CL015082,H018,155.92,198.7
CL005533,H083,122.51,44.19
CL027306,H002,130.57,177.07
CL008782,H061,112.53,67.39
CL008040,H074,47.38,54.84
CL005781,H079,109.15,105.78
CL010158,H052,266.9,193.93
CL011635,H042,215.52,-2.15
CL016907,H016,146.61,206.9
CL025317,H118,11.18,182.83
CL016786,H005,55.3,117.64
CL002512,H034,133.16,140.59
CL025005,H008,162.94,36.95
CL020932,H085,250.29,136.2
CL007621,H007,190.89,71.19
CL032822,H004,216.92,128.26
CL031792,H097,205.92,127.14
CL005429,H072,166.78,172.16
CL011139,H080,50.24,161.08
CL021455,H060,180.44,47.85
CL027013,H105,21.1,174.78
CL017484,H039,212.02,41.61
CL022841,H067,139.36,93.86
CL005054,H063,142.61,89.47
CL028526,H080,46.28,137.31
CL025179,H081,239.57,155.14
CL026634,H049,152.65,193.83
CL016392,H063,168.2,90.47
CL011579,H107,57.39,121.07
CL029646,H027,196.05,141.28
CL018908,H010,42.39,170.49
CL028522,H075,77.92,157.91
CL000081,H083,115.08,46.62
CL016479,H050,102.72,66.39
CL008100,H011,24.31,198.17
CL006480,H004,216.43,123.4
CL013395,H003,199.38,223.73
CL006735,H029,83.29,118.55
CL009617,H057,73.9,171.28
CL018075,H039,206.04,60.89
CL018643,H066,213.39,117.55
CL022087,H100,0.41,178.41
CL006616,H029,84.85,114.87
CL025339,H013,-2.75,186.71
CL003902,H035,212.79,98.6
CL017646,H007,170.79,80.9
CL015927,H079,123.44,108.79
CL013694,H100,-1.61,209.21
CL020762,H005,41.76,93.73
CL003356,H097,207.39,122.33
CL011337,H074,68.14,65.35
CL031229,H070,226.57,1.84
CL028075,H107,62.62,124.53
CL000146,H017,95.09,208.44
CL003794,H022,238.18,181.89
CL004091,H031,73.22,44.41
CL004521,H024,245.73,163
CL021533,H023,178.71,205.7
CL005319,H096,215.44,141.66
CL018042,H003,192.27,232.65
CL003775,H001,81.53,143.71
CL019656,H109,79.45,163.51
CL016689,H002,136.66,187.07
CL028930,H018,155.83,200.18
CL024154,H004,223.63,136.92
CL027036,H009,7.81,143.65
CL003933,H070,184.98,168.32
CL000795,H040,215.65,102.35
CL014158,H023,163.78,187.15
CL004654,H063,79.31,23.27
CL017609,H067,152.24,105.56
CL028450,H117,190.9,128.9
CL033024,H116,165.84,109.52
CL008176,H106,129.98,169.85
CL011445,H110,175.86,98.39
CL031296,H058,125.23,182.28
CL018581,H103,225.48,153.25
CL018583,H110,176.99,116.6
CL024843,H001,102.42,91.21
CL032423,H082,177.76,34.8
CL003275,H003,222.94,206.56
CL033280,H056,160.66,116.52
CL004081,H019,238.76,208.81
CL031618,H012,7.59,174.25
CL017989,H048,108.9,52.8
CL025424,H110,174.36,102.16
CL002902,H038,159.89,151.02
CL033366,H097,204.41,122.21
CL031785,H075,90.46,152.73
CL022397,H043,207,47.61
CL018833,H033,59.02,106.35
CL018197,H066,202.48,110.21
CL016288,H049,151.19,193.59
CL024852,H005,51.94,114.94
CL021475,H093,78.08,159.18
CL008109,H017,102.75,205.72
CL000549,H016,151.16,211.01
CL000998,H055,114.63,44.81
CL025414,H096,222.68,147.95
CL019443,H104,192.99,201.93
CL027446,H045,157.38,78.97
CL033263,H016,161.24,194.8
CL016809,H022,235.07,189.11
CL020955,H116,162.15,109.69
CL013896,H117,224.25,123.84
CL017812,H035,185.66,116.63
CL015942,H001,113.3,166.63
CL020377,H014,133.5,177.2
CL000310,H083,102.94,51.5
CL004080,H016,162.61,216.53
CL017770,H070,44.14,183.5
CL022478,H007,198.02,67.57
CL011853,H089,224.58,172.48
CL032747,H016,146.85,207.34
CL007343,H093,57.46,163.4
CL027574,H005,50.49,112.63
CL003217,H043,223.47,45.83
CL031232,H074,58.59,39.24
CL016788,H006,182.02,140.84
CL000478,H045,162.09,72.45
CL021376,H085,245.38,130.46
CL019615,H051,89.78,21.68
CL001284,H002,125.57,185.15
CL018525,H023,166.07,188.88
CL026861,H015,130.93,198.77
CL018559,H065,101.88,116.37
CL026489,H002,138.08,179.73
CL015777,H070,153.45,66.5
CL014734,H086,263.78,153.92
CL010036,H078,37.98,178.26
CL016485,H063,291.09,133.38
CL009642,H083,140.64,41.45
CL003082,H063,122.53,85.56
CL000377,H034,144.51,137.32
CL005586,H058,140.82,203.69
CL030478,H013,-13.52,204.1
CL009382,H057,73.63,164.03
CL014685,H016,146.72,207.39
CL009232,H005,53.58,128.74
CL020228,H039,206.02,74.95
CL031056,H097,237,110.56
CL022797,H017,93.89,187.24
CL013592,H113,194.23,218.4
CL004853,H083,128.68,43.08
CL029260,H091,218.36,36.38
CL008383,H043,216.6,69.82
CL021833,H017,97.07,204.69
CL028501,H043,200.08,45.12
CL031976,H117,193.86,123.44
CL021503,H005,50.56,116.01
CL001019,H079,127.84,106.12
CL004756,H096,218.98,147.32
CL015356,H037,165.69,82.16
CL029070,H002,119.86,181.09
CL023855,H007,178.25,71.73
CL023221,H099,295.38,146.77
CL009773,H007,192.98,70.81
CL017811,H029,108.56,126.93
CL004594,H004,224.89,129.82
CL012410,H001,72.14,162.02
CL008478,H033,80.8,91.31
CL031741,H017,123.15,187.96
CL015138,H081,303.98,124.69
CL006258,H071,165,60.08
CL032829,H006,169.16,157.83
CL000665,H114,31.02,221.52
CL023306,H114,39.01,219.99
CL031108,H034,144.58,142.15
CL031897,H093,109.36,179.03
CL012873,H024,257.98,200.75
CL031005,H019,247.96,169.96
CL016142,H003,205.62,231.82
CL006263,H079,141.65,113.51
CL030057,H052,264.35,175.82
CL029291,H007,195.31,65.31
CL012122,H013,-10.42,206.71
CL015855,H059,109.7,165.88
CL006521,H042,218.7,-10.18
CL020488,H054,19.28,205.33
CL016268,H025,297.75,114.59
CL022089,H101,62.7,78.32
CL005951,H024,255.38,202.82
CL013407,H006,175.86,151.58
CL000198,H081,247.89,146.91
CL031181,H010,37.2,207.39
CL017097,H041,224.38,49.84
CL000204,H086,260.09,175.54
CL015641,H013,31.4,194.29
CL003938,H075,65.67,136.1
CL005014,H017,40.42,202.8
CL001995,H089,239.69,170.3
CL019908,H008,152.55,23.77
CL000936,H110,168.46,104.01
CL030175,H025,290.74,102.28
CL012652,H093,76.38,159.88
CL001544,H086,264.74,156.33
CL022475,H006,180.74,141.19
CL009375,H051,90.78,19.26
CL017230,H006,182.52,139.42
CL012587,H104,196.4,206.12
CL008698,H068,153.26,194.04
CL009665,H002,133.88,178.07
CL028966,H070,212.13,148.53
CL027504,H007,164.4,41.75
CL000767,H005,46.21,102.33
CL001082,H017,100.87,203.54
CL028565,H004,225.4,127.29
CL023089,H052,268.58,186.41
CL006159,H042,199.14,12.83
CL014052,H003,202.59,232.28
CL027780,H004,265.86,158.64
CL023062,H023,151.36,192.93
CL006925,H005,51.93,113.92
CL027536,H063,195.8,-11.42
CL019472,H007,195.36,71.54
CL008297,H046,124.62,27.04
CL026616,H034,142.85,140.95
CL028335,H097,204.05,133.53
CL017876,H019,235.32,215.55
CL011873,H108,3.76,160.88
CL030617,H065,107.15,138.2
CL014698,H042,206.85,-5.74
CL022329,H095,146.15,204.13
CL020792,H051,86.14,15.12
CL001143,H098,63.9,26
CL024810,H070,223.11,146.65
CL027073,H065,68.85,135.08
CL022314,H063,175.38,134.95
CL022109,H003,196.15,222.45
CL014126,H096,227.27,116.94
CL006500,H013,-13.93,200.05
CL022190,H106,136.34,168.56
CL001602,H026,289.63,189.29
CL023180,H032,97.74,47.4
CL025359,H028,212.34,148.5
CL018953,H062,161.19,198.4
CL016552,H050,109.02,78.26
CL000748,H100,-2.26,168.87
CL026326,H033,68.1,96.65
CL029992,H071,122.2,193.97
CL005082,H096,222.99,147.29
CL009520,H039,227.2,60.59
CL027622,H061,106.96,56.76
CL016219,H096,234.07,158.17
CL031526,H017,101.94,211.72
CL025524,H120,74.18,107.96
CL022156,H058,142.32,206.39
CL001918,H007,181.52,65.97
CL019762,H039,237.42,53.75
CL018260,H020,167.77,208.73
CL024542,H001,82.59,144.43
CL021062,H039,203.97,67.36
CL026248,H070,221.9,148.84
CL012801,H058,132.93,197.46
CL013773,H074,58.58,42.77
CL016306,H068,140.96,190.17
CL021375,H083,104.8,47.39
CL019152,H014,132.5,157.5
CL019448,H110,180.81,90.69
CL011708,H022,287.49,175.75
CL016644,H052,279.52,185.24
CL002873,H005,51.59,110.05
CL004295,H067,139.14,93.6
CL021023,H104,242.46,214.85
CL019404,H054,8.35,190.91
CL022291,H030,47.52,111.22
CL011716,H029,73.43,115.58
CL033154,H004,220.92,134.2
CL016129,H105,12.77,171.69
CL023092,H056,139.61,48.92
CL000842,H119,194.52,15.09
CL023808,H074,52.2,58.99
CL011558,H070,222.26,145.82
CL021710,H004,216.04,130.82
CL022442,H095,122.43,187.56
CL013477,H085,247.02,90.61
CL016850,H075,51.29,150.41
CL025850,H114,43.8,203.33
CL019322,H077,230.12,200.01
CL023033,H004,222.67,131.35
CL033131,H095,118,207.5
CL003549,H118,17.62,174.16
CL030861,H070,221.51,161
CL021522,H013,10.14,210.43
CL028676,H005,34.04,108.11
CL003996,H032,96.66,51.04
CL026901,H095,126.24,181.89
CL012127,H020,156.47,179.5
CL002039,H013,-14.1,201.21
CL016519,H001,82.33,144.63
CL028439,H098,171.06,220.46
CL017391,H056,135.89,80.46
CL030362,H004,220.69,129.84
CL013745,H037,178.14,85.86
CL030926,H039,209.02,58.91
CL012796,H049,146.66,197.91
CL012643,H070,103.12,88.2
CL025147,H033,63.99,101.08
CL007288,H014,138.98,163.58
CL023871,H022,238.22,177.19
CL032603,H039,183.61,29.25
CL000346,H006,202.73,146.21
CL016073,H033,57.22,97.51
CL002544,H106,135.97,170.85
CL012919,H085,262.82,100.58
CL003141,H058,134.97,197.53
CL028925,H013,12.39,177.05
CL002488,H002,153.81,169.7
CL005837,H023,149.01,198.14
CL014337,H001,80.68,142.22
CL024017,H074,68.88,45.75
CL013507,H007,199.62,54.05
CL013859,H055,108.15,29.91
CL011035,H091,196.91,45.16
CL033251,H002,130.26,187.72
CL017529,H102,137.74,3.44
CL030607,H055,114.89,65.68
CL018447,H023,140.75,201.77
CL012595,H115,52.53,194.72
CL017327,H003,206.42,228.12
CL004207,H070,100.16,196.52
CL003156,H085,259.59,125.9
CL029860,H035,183.5,122.9
CL031695,H106,137.13,173.05
CL027611,H046,146.84,29.95
CL030543,H116,-0.93,169.58
CL004504,H007,169.51,66.68
CL013996,H034,145.29,146.87
CL014228,H001,81.27,147.21
CL014716,H065,96.61,116.06
CL016912,H021,172.89,224.48
CL010744,H081,248.8,152.89
CL014143,H004,217.18,130.27
CL001879,H063,110.2,137.87
CL025662,H005,50.77,110.14
CL033231,H081,252.05,140.13
CL008737,H009,-0.59,148.16
CL001981,H075,64.41,160.79
CL023781,H031,82.44,101.53
CL023034,H004,222.18,139.05
CL027233,H024,256.62,202.03
CL012064,H027,207.68,138.35
CL022395,H035,196.33,109.43
CL028109,H028,219.12,137.81
CL022569,H004,197.85,135.18
CL013857,H055,96.83,61.59
CL010227,H030,43.83,105.56
CL030010,H100,-9.46,176.7
CL029069,H001,82.58,144.35
CL013758,H058,152.26,184.33
CL023541,H046,150.49,29.94
CL015578,H061,105.23,88.53
CL009345,H015,156.69,196.01
CL024742,H004,224.41,116.91
CL012196,H102,147.57,-23.58
CL030238,H117,187.35,138.53
CL015037,H097,161.95,126.15
CL018231,H106,127.15,165.04
CL001868,H040,228.24,89.76
CL029190,H008,152.93,35.86
CL011093,H032,122.6,50.86
CL020911,H068,150.01,215.11
CL005964,H052,264.87,189.64
CL007779,H116,20.98,146.49
CL001686,H010,21.89,202.98
CL016945,H062,151.06,178.95
CL022197,H118,15.49,170.92
CL016155,H009,0.38,146.47
CL023537,H039,220.18,60.47
CL029890,H066,62.11,170.35
CL014139,H003,202.88,224.35
CL028760,H079,132.72,115.5
CL014474,H033,62.87,97.52
CL007050,H096,204.93,140.63
CL027614,H048,96.17,48.22
CL032555,H109,76.81,165.45
CL014911,H070,170.38,181.58
CL001626,H061,123.35,95.14
CL023057,H018,159.71,197.67
CL014273,H033,76.33,112.82
CL012982,H028,204.16,150.55
CL026456,H070,219.46,145.37
CL017258,H030,35.28,104.92
CL020305,H015,171.6,182.24
CL015562,H039,154.05,82.74
CL014391,H055,96.68,69.45
CL024339,H037,174.93,86.1
CL011848,H085,243.13,133.23
CL012462,H043,197.56,54.53
CL032288,H036,187.44,135.52
CL016500,H088,112.47,156.69
CL019955,H063,134.84,-16.7
CL017850,H117,175.77,106.41
CL000151,H022,219.5,220.64
CL029383,H014,138.89,177.35
CL012956,H007,192.68,70.77
CL010888,H036,173.96,113.31
CL019992,H002,113.11,187.88
CL010108,H070,233.44,158.55
CL012217,H005,59.88,123.23
CL019769,H058,143,193.09
CL023668,H010,37.45,186.05
CL002343,H022,211.9,186.55
CL003391,H016,127.04,205.53
CL020810,H073,150.44,62.82
CL014127,H096,219.43,113.92
CL025829,H082,130.35,61.04
CL010849,H003,201.49,233.14
CL024381,H065,88.46,133.17
CL012043,H117,211.97,144.25
CL013914,H009,10.54,141.28
CL000629,H037,160.58,91.55
CL022843,H069,121.24,179.64
CL007446,H100,-15.98,195.21
CL016451,H008,147.18,31.62
CL023635,H108,16.94,161.72
CL022355,H005,50.99,114.98
CL030774,H075,83.26,153.18
CL001000,H057,76.55,149.71
CL006869,H063,147.84,-15.02
CL024395,H077,220.32,190.31
CL004254,H014,138.13,177.26
CL018253,H008,162.6,61.2
CL010188,H100,4.28,171.65
CL001857,H014,125.14,180.27
CL026559,H093,77.81,142.36
CL013394,H003,205.99,226.6
CL008388,H050,84.58,90.37
CL014197,H064,107.82,84.48
CL010406,H006,192.49,192.88
CL009139,H009,9.27,148.26
CL001106,H045,163.73,63.26
CL001734,H070,221.6,150.5
CL008488,H054,20.51,195.23
CL032741,H010,36.21,198.52
CL023891,H037,187.48,85.42
CL030155,H006,178.77,136.97
CL012379,H072,173.4,163.74
CL019552,H114,38.44,211.99
CL028238,H005,41.78,119.96
CL013552,H059,104.15,151.16
CL022453,H112,20.88,200
CL025498,H081,245.46,131
CL016137,H001,95.74,149.08
CL010052,H104,234.04,216.48
CL015931,H082,131.6,35.21
CL023512,H003,205.8,193.21
CL002217,H004,229.96,114.88
CL015267,H042,209.39,7.36
CL032580,H009,2.31,155.54
CL024769,H025,293.81,112.86
CL016843,H062,154.11,189.81
CL019735,H002,134.71,177.07
CL011510,H007,188.06,72.66
CL001635,H075,93.9,124.75
CL018297,H065,99.74,120.72
CL014130,H100,-2.7,177.16
CL009281,H066,104.27,206.18
CL016030,H114,44.2,212.65
CL021906,H002,130.4,180
CL032643,H002,133.89,177.95
CL006971,H075,79.52,181.67
CL032577,H008,172.36,-25.66
CL011372,H003,216.79,228.98
CL029287,H005,45.32,111.59
CL001632,H070,260.21,203.82
CL018915,H014,129.09,162.07
CL006541,H076,197.97,234
CL029053,H098,47.37,88.86
CL004901,H061,118.11,84.63
CL022031,H013,-8.64,201.16
CL029236,H057,76.89,164.22
CL028131,H061,100.66,77.79
CL024482,H054,23.91,200.33
CL014738,H098,254.29,93.19
CL004381,H105,11.37,166.09
CL018750,H063,187.24,3.38
CL032754,H022,236.04,187.52
CL010141,H007,203.33,72.44
CL013947,H063,183.43,7.68
CL028045,H057,76.18,162.76
CL019796,H002,147.12,170.93
CL007801,H013,6.1,189.42
CL007707,H009,8.63,149.46
CL021610,H006,182.64,133.65
CL001220,H005,49.1,112.84
CL011058,H003,205.35,218.79
CL031146,H100,-8.55,162.52
CL023125,H114,39.43,198.9
CL005186,H076,199.11,226.43
CL012187,H080,57.92,148.32
CL016357,H023,152.31,198.82
CL002776,H009,1.06,151.31
CL025109,H003,201.72,233.12
CL003777,H002,152.36,179.91
CL009044,H006,168.68,152.71
CL021122,H019,246.53,215.88
CL018573,H083,117.65,53.68
CL028488,H027,194.33,143.98
CL017243,H016,147.83,207.98
CL006236,H033,62.84,97.78
CL016549,H050,104.63,66.64
CL026465,H085,245.69,134.49
CL021762,H066,214.87,126.28
CL014553,H017,106.6,205.91
CL015977,H035,209.26,101.44
CL009398,H078,55.44,204.51
CL009224,H002,112.67,191.42
CL018601,H007,190.56,75.36
CL003812,H042,201.02,16.64
CL017737,H008,145.13,36.32
CL031353,H033,117.73,75.44
CL002627,H080,50.46,142.24
CL007751,H075,87.38,181
CL008768,H051,90.93,15.78
CL026610,H024,253.04,191.05
CL014164,H026,281.81,179.96
CL027291,H106,134.02,180.18
CL008434,H001,82.6,154.39
CL004930,H114,37.69,215.14
CL030107,H022,241.26,182.28
CL007627,H015,125.54,198.66
CL001330,H047,201.94,21.71
CL000454,H023,164.44,177.81
CL009273,H050,128.81,67.81
CL014371,H033,66.3,102.65
CL027336,H017,53.41,210.31
CL011495,H093,76.26,154.17
CL028917,H008,178.65,33.58
CL033045,H008,159.02,40.51
CL028061,H077,239.42,215.54
CL017427,H110,179.61,85.51
CL018319,H086,269.03,161.04
CL014516,H083,125.35,41.99
CL006718,H013,-13.38,200.73
CL008186,H004,221.32,130.3
CL009510,H014,134.48,165.23
CL028536,H089,223.98,177.32
CL025298,H089,231.98,173.32
CL013520,H017,88.76,204.97
CL019184,H051,85.57,17.79
CL003822,H049,155.05,183.34
CL026056,H005,42.91,108.23
CL000812,H064,108.91,96.63
CL023141,H004,225.06,132.77
CL001403,H017,94.95,210.55
CL027749,H085,251.04,127.24
CL002018,H001,85.77,145.35
CL005877,H072,159.41,169.39
CL027527,H045,168.31,71.22
CL024454,H017,91.61,203.42
CL005644,H035,184.26,113.57
CL009487,H100,-10.36,170.74
CL009750,H112,19.6,200.37
CL029548,H031,73.57,51.35
CL002407,H105,9.9,174.63
CL009706,H043,213.44,36.67
CL001041,H105,11.11,167.48
CL020352,H096,278.78,147.29
CL029792,H085,252.63,166.79
CL017919,H073,138.14,50.89
CL006175,H063,234.93,174.85
CL022823,H046,157.13,33.45
CL001707,H045,145.72,59.49
CL009160,H030,43.33,103.6
CL007030,H062,156.24,178.57
CL006922,H004,219.95,143.19
CL016439,H003,240.99,223.16
CL003707,H102,148.18,-15.18
CL026215,H015,127.61,180.17
CL022604,H027,203.14,161.05
CL030134,H085,249.8,135.7
CL024840,H115,47.44,197.89
CL021809,H004,195.8,168.83
CL014171,H032,124.86,46.68
CL021870,H066,103.07,34.7
CL025422,H104,222.81,210.23
CL030508,H065,104.03,117.09
CL021392,H114,51.5,212.89
CL015142,H085,271.81,150.06
CL029476,H070,221.89,150.49
CL012358,H051,81.4,48.92
CL027067,H057,64.21,157.55
CL015955,H008,145.22,26.48
CL027809,H017,101.46,203.66
CL023350,H010,62.49,178.31
CL010946,H120,38.61,109.48
CL015968,H023,170.02,196.84
CL004641,H044,165.33,39.49
CL024216,H004,220.05,126.01
CL014745,H106,132.6,163.18
CL030961,H086,258.36,152.46
CL011261,H101,63.99,73.36
CL031828,H012,3.36,142.35
CL031904,H110,152.87,87.57
CL023545,H051,89.02,14.67
CL028352,H115,28.01,208.62
CL016068,H029,63.56,113.65
CL022192,H112,20.54,194.09
CL011999,H020,141.06,203.49
CL033464,H096,226.88,149.04
CL008349,H005,33.92,127.17
CL025782,H031,74.62,63.3
CL001772,H002,142.83,174.91
CL013565,H072,144.08,167.69
CL009799,H046,127.96,31.65
CL004703,H011,9,187.62
CL026981,H059,111.51,153.33
CL019241,H005,43.68,136.62
CL014207,H073,143.36,52.07
CL014192,H051,83.86,17.58
CL011260,H101,63.75,85.16
CL011250,H086,262.33,157.08
CL017635,H001,29.28,134.46
CL007410,H027,210.71,133.89
CL029015,H032,88.56,40.2
CL023257,H034,137.26,142.89
CL001599,H025,290.54,112.84
CL015512,H107,54.22,113
CL015716,H001,88.7,139.69
CL017931,H088,103.24,149.51
CL024119,H085,224.35,117.51
CL032375,H027,151.86,135.31
CL005001,H005,49.46,112.69
CL000333,H120,58.47,131.26
CL002815,H043,208.65,44.05
CL010020,H061,84.45,99.28
CL002377,H066,197.19,111.78
CL033183,H019,236.68,221.2
CL022082,H092,210.72,78.72
CL031055,H090,201.94,146.01
CL015534,H005,49.68,113.12
CL022724,H058,122.4,190.61
CL030359,H002,147.68,180.1
CL019138,H006,184.03,139.42
CL004763,H103,217.82,151.79
CL024634,H102,125.5,-7.33
CL003111,H117,192.31,122.91
CL003312,H036,168.12,132.35
CL009815,H068,150.64,202.25
CL009974,H004,220.02,134
CL012476,H064,111.93,84.95
CL024009,H063,50.84,57.87
CL024988,H116,179.72,15.6
CL022334,H115,47.83,193.25
CL025969,H016,144.93,211.61
CL030592,H039,228.69,68.7
CL006914,H119,192.36,14.94
CL002700,H052,250.15,171.32
CL010686,H103,223.86,148.97
CL006254,H069,136.76,187.04
CL031868,H059,108.72,181.76
CL026405,H004,214.32,135.55
CL027886,H117,192.45,129.62
CL005992,H103,224.88,139.82
CL003566,H011,6.67,179.09
CL012300,H105,19.15,164.43
CL014377,H039,228.59,62.61
CL007975,H004,225.71,139.65
CL022723,H057,51.16,173.88
CL012182,H073,148.07,55.22
CL004142,H001,84.03,142.74
CL001048,H119,192,11.33
CL015206,H063,210.16,68.99
CL007582,H063,59.28,57.01
CL005418,H060,191.12,39.99
CL003508,H039,216.24,60.13
CL015458,H040,215.37,98.51
CL025856,H003,201.6,231.21
CL000226,H113,185.45,206.31
CL008900,H049,176.32,181.56
CL024862,H013,2.84,207.32
CL026415,H008,149.12,63.57
CL012218,H005,51.04,114.77
CL000143,H016,164.23,201.29
CL016740,H057,74.56,162.93
CL020680,H027,205.1,143.86
CL005716,H013,-8.83,200.12
CL017167,H021,182.35,221.71
CL025336,H013,10.71,206.6
CL022554,H112,17.39,207.9
CL024916,H003,202.03,233.99
CL029609,H001,72.85,127.32
CL008793,H073,142.95,59.68
CL016530,H014,139.1,170.55
CL015164,H114,40.39,207.43
CL031515,H007,197.22,78.95
CL021631,H045,161.76,79.21
CL000667,H119,195.2,8.13
CL017524,H099,320.28,123.95
CL016992,H004,214.34,127.29
CL025864,H007,186.67,66.08
CL004893,H043,206.66,47.81
CL000404,H075,73.49,152.81
CL012753,H002,144.48,200.64
CL015303,H102,146.25,-16.91
CL013915,H010,27.02,172.64
CL024476,H041,225.5,54.7
CL002643,H104,222.2,213.86
CL031209,H046,143.93,32.88
CL032412,H067,146.54,100.87
CL023968,H011,10.27,179.92
CL023893,H039,235.87,87.13
CL016862,H098,66.72,69.71
CL029024,H046,147.16,21.12
CL017200,H082,126.3,45.01
CL009432,H008,151.04,36.13
CL023836,H114,33.39,220.84
CL027717,H034,135.15,137.53
CL000831,H096,238.15,171.7
CL010208,H006,183.17,147.58
CL011350,H096,225.75,147.12
CL030015,H108,36.81,149.88
CL004798,H010,36.94,206.02
CL030002,H080,62.34,150.51
CL005177,H070,218.86,28.61
CL003603,H056,142.85,62.54
CL027109,H106,137.96,164.76
CL012528,H012,7.65,161.69
CL023331,H004,223.09,135.37
CL029580,H068,154.65,202.75
CL017281,H053,200.71,0.5
CL031061,H103,226.9,151.83
CL012418,H004,218.49,130.91
CL030737,H005,23.56,138.35
CL023655,H007,192.65,69.87
CL015326,H005,91.1,119.01
CL023766,H015,133.42,191.82
CL019283,H036,182.84,132.48
CL027010,H100,-1.91,155.66
CL025882,H030,51.42,102.72
CL031006,H019,222.84,227.02
CL004079,H015,129.65,185.39
CL004653,H063,155.74,-7.11
CL001294,H007,195.76,68.7
CL001852,H005,46.55,110.06
CL025211,H003,202.21,232.75
CL018639,H062,162.32,193.13
CL009727,H076,198.4,214.56
CL005495,H021,188.88,225.02
CL009610,H046,143.03,28.11
CL010918,H069,133.36,179.55
CL025296,H086,263.76,158.08
CL026882,H063,173.86,-9.9
CL018893,H002,136.45,186.08
CL009840,H110,160.19,105.85
CL007240,H085,265.49,126.54
CL001898,H112,20.78,200.11
CL020218,H027,201.1,126.7
CL018696,H007,198.52,73.68
CL029807,H103,221.13,135.24
CL003026,H102,143.46,-10.24
CL015160,H105,10.29,174.27
CL027127,H007,188.87,92.43
CL008371,H021,184.33,207.35
CL007421,H054,28.17,200.42
CL017233,H008,153.49,36.92
CL003239,H068,123.99,175.45
CL005643,H031,78.78,46.87
CL021507,H007,192.93,72.67
CL018492,H102,140.53,-20.96
CL000356,H010,28.8,179.25
CL029703,H102,133.78,-11.35
CL016085,H040,213.47,94.88
CL027140,H018,121.32,207.37
CL032768,H039,219.72,54.65
CL019612,H049,150.82,196.34
CL031320,H115,85.26,163.38
CL017216,H116,85.9,120.95
CL012204,H119,193.52,6.73
CL026189,H103,222.7,149.55
CL026730,H036,170.35,132.96
CL005017,H018,149.67,197.31
CL002440,H027,177.15,180.63
CL029740,H024,255.77,197.93
CL001326,H040,213.66,97.54
CL012002,H027,220.97,160.12
CL000670,H002,122.16,202.62
CL005049,H063,245.31,84.88
CL020758,H003,211.72,231.71
CL000729,H068,151.76,211.67
CL027988,H111,163.39,207.36
CL005245,H023,142.52,188.88
CL000583,H068,167.36,213.23
CL009484,H096,230.98,150.46
CL009671,H004,216.75,123.24
CL011262,H102,138.92,-15.81
CL024134,H106,131.34,152.03
CL031808,H001,80.82,142.1
CL029167,H115,69.64,196.21
CL016830,H042,210.05,6.84
CL006921,H004,218.8,131.53
CL026104,H052,261.81,181.84
CL018263,H022,235.65,187.04
CL027542,H070,221.94,149.18
CL011048,H117,192.44,122.82
CL015719,H002,131.21,179.36
CL003797,H023,152.47,191.48
CL003994,H027,209.8,138.87
CL020294,H003,226.46,223.93
CL003044,H003,198.82,222.62
CL001396,H007,193.47,95.53
CL020603,H062,184.06,150.78
CL002969,H016,138.14,204
CL015614,H102,138.15,-16.43
CL005462,H002,123.88,159.9
CL003123,H005,57.34,146.12
CL028877,H083,117.88,57.98
CL023419,H001,95.46,146.61
CL027751,H086,262.45,142.34
CL005680,H086,267.06,158.87
CL005180,H074,54.19,45.31
CL021397,H001,107.81,162.53
CL014564,H039,217.44,63.07
CL001430,H050,109,69.78
CL020120,H045,160.75,75.46
CL003895,H019,237.16,220.88
CL031864,H056,142.13,66.16
CL029940,H007,193.28,81.68
CL003660,H010,41.26,201.67
CL019475,H008,152.4,34.26
CL008232,H070,252.95,139.98
CL025189,H091,199.39,45.1
CL021579,H076,199.51,185.68
CL021200,H117,197.72,128.55
CL030471,H008,144.01,41.87
CL016921,H029,89.16,115.1
CL021041,H007,196.43,73.19
CL001516,H044,195.51,42.61
CL012837,H112,22.4,189.76
CL025970,H017,92.82,213.39
CL033316,H003,215.31,226.31
CL020701,H056,141.18,61.68
CL004143,H001,87.82,151.65
CL018987,H107,56.59,124
CL024102,H046,144.52,37.42
CL032117,H076,196.39,226.67
CL021571,H070,242.6,121.73
CL030827,H028,213.18,145.34
CL002988,H037,169.51,99.35
CL024720,H092,196.28,62.92
CL007125,H062,158.35,210.25
CL030877,H101,62.69,84.53
CL027224,H015,130.68,200.19
CL018543,H045,144.82,101.28
CL023831,H106,127.19,160.24
CL022532,H079,140.99,102.96
CL015114,H053,197.66,-8.39
CL026706,H008,154.12,36.32
CL001619,H051,106.08,13.59
CL023244,H015,135.94,196.79
CL029135,H065,107.28,112.99
CL015665,H041,225.18,49.49
CL003913,H042,213.67,0.24
CL029490,H103,186.73,148.17
CL028029,H034,140.76,110.52
CL016891,H008,151.79,42.44
CL022092,H108,6.2,167.13
CL024244,H039,167.7,62.41
CL018674,H116,165.44,108.16
CL018320,H086,268.99,153.95
CL030876,H100,-16.91,174.73
CL026182,H075,76.56,152.57
CL025523,H119,194.45,29.65
CL021638,H070,237.72,159.68
CL011641,H052,272.57,186.21
CL030798,H004,203.31,153.37
CL007386,H009,7.47,134.14
CL032224,H080,78.59,175.09
CL016990,H004,210.09,135.44
CL007824,H041,228.4,22.57
CL005376,H012,48.7,160.71
CL027857,H062,163.13,187.97
CL016417,H099,297.06,162.81
CL004222,H083,89.82,64.86
CL023217,H089,237.47,188.49
CL028866,H049,148.99,197.44
CL023658,H008,153.33,35.89
CL015601,H085,243.26,156.51
CL025485,H057,88.73,143.3
CL026516,H027,192.6,126.78
CL001938,H021,180.52,221.64
CL010261,H074,81.12,33.53
CL019053,H095,68.07,184.04
CL006444,H093,54.1,172.58
CL028280,H042,214.48,3.82
CL012851,H005,38.41,122.25
CL010012,H040,213.81,94.6
CL023760,H012,7.5,140.27
CL015247,H010,26.87,206.62
CL032938,H004,217.08,133.92
CL027500,H006,181.71,142.19
CL014654,H001,83.72,137.2
CL032746,H015,121.93,181.98
CL019453,H118,6.59,175.02
CL030992,H004,239.64,150.89
CL031832,H016,139.02,191.84
CL031336,H007,190.16,69.54
CL010272,H093,78.83,160.85
CL022680,H005,42.06,140.59
CL024981,H101,67.7,87.76
CL018576,H093,83.14,164.82
CL023044,H008,148.75,38.59
CL021126,H023,159.6,195.93
CL030060,H055,105.02,67.02
CL003687,H066,126.75,3.68
CL028415,H041,234.6,104.52
CL022792,H014,126.82,176.98
CL019709,H065,97.2,129.9
CL001666,H002,133.55,178.18
CL018087,H051,88.08,17.63
CL023055,H016,145.97,212.2
CL027381,H061,131.64,102.4
CL021410,H004,217.33,132.57
CL010994,H039,226.43,66.72
CL015099,H041,237.89,60.98
CL008402,H069,111.8,199.35
CL009248,H015,133.79,192.41
CL017605,H064,121.04,90.68
CL029474,H069,164.84,178.38
CL000013,H004,228.65,129.91
CL007258,H115,49.08,183.75
CL020429,H100,-7.45,168.96
CL021241,H034,134.3,137.37
CL020928,H083,120.32,39.54
CL028333,H095,132.42,205.08
CL011781,H002,137.8,178.88
CL024780,H032,100.32,48.23
CL021543,H039,215.07,58.97
CL024844,H002,130.35,191.13
CL023751,H007,188,73.49
CL017649,H011,7.79,188.56
CL011728,H038,125.8,155.82
CL025111,H003,213.75,223.66
CL002300,H103,230.18,142.63
CL014104,H063,158.54,-0.77
CL011460,H009,18.98,146.04
CL018153,H013,-14.29,197.49
CL032535,H081,253.62,154.96
CL025456,H020,163.78,214.42
CL026471,H093,78.7,158.31
CL026207,H008,104.99,17.35
CL004860,H101,58.11,80.41
CL000720,H063,35.9,139.87
CL010617,H010,34.83,193.17
CL010299,H006,247.46,163.4
CL008400,H066,116.3,196.55
CL006524,H045,164.01,80.9
CL016157,H010,35.49,197.48
CL020861,H014,128.92,169.61
CL029477,H070,43.16,183.23
CL019894,H002,133.87,178.73
CL030036,H011,4.35,181.87
CL007326,H068,148.27,195.48
CL000391,H057,65.52,165.62
CL012120,H012,0.65,142.86
CL016749,H063,154.83,-4.85
CL004936,H002,139.94,171.63
CL022307,H059,105.43,170.56
CL015540,H008,153.54,32.42
CL026330,H035,188.11,108.75
CL006962,H066,200.97,110.77
CL024934,H014,134.05,167.31
CL021595,H110,160.56,91.8
CL013051,H007,191.47,76.87
CL012044,H117,184.01,133.77
CL023192,H044,167.98,36.65
CL005266,H040,210.74,96.78
CL009739,H093,80.26,154.63
CL031924,H012,9.44,157.8
CL006878,H072,117.26,207.78
CL029538,H022,244.78,173.46
CL029871,H048,112.18,61.93
CL021506,H007,192.24,69.05
CL000016,H004,215.69,131.33
CL024856,H007,195.45,86.06
CL024425,H120,37.12,120.59
CL012398,H102,150.74,-20.84
CL030525,H091,200.27,45.83
CL023167,H019,230.52,186.08
CL013180,H033,64.25,95.17
CL029654,H032,102.62,51.88
CL010248,H061,155.07,82.79
CL008258,H114,47.09,181.08
CL030173,H025,290.81,102.28
CL011434,H096,236.87,136.28
CL000601,H112,12.27,186.72
CL032900,H066,214.31,-11.91
CL029392,H039,222.14,70.13
CL005588,H063,155.37,-3.51
CL016374,H048,111.96,59.03
CL016011,H088,88.26,143.56
CL023778,H029,82.29,116.53
CL014137,H001,63.43,147.03
CL009619,H059,91.44,143.05
CL005651,H042,223.1,11.67
CL032654,H013,10.74,197.45
CL018762,H079,136.65,113.96
CL019950,H061,86.34,62.1
CL004231,H100,-16.56,173.54
CL020860,H013,-15.62,188.74
CL004810,H023,129.07,198.77
CL027600,H034,151.66,141.1
CL031143,H096,253.97,173.41
CL020868,H018,154.28,195.2
CL000971,H014,150.53,184.29
CL011328,H066,131.53,35.32
CL010092,H032,96.79,48.47
CL001862,H030,44.93,109.66
CL025452,H017,103.28,210.65
CL031416,H005,52.61,118.36
CL003364,H112,20.99,199.63
CL007060,H116,53.52,117.92
CL006977,H082,128.45,40.23
CL000784,H023,153.17,192.13
CL001982,H075,77.01,120.8
CL016045,H007,192.51,68.2
CL012477,H065,81.97,120.26
CL025433,H004,225.01,159.84
CL018338,H112,23.29,202.73
CL026593,H008,189.86,47.08
CL005129,H014,128.6,178.67
CL014155,H017,95.14,213.13
CL002885,H013,-14.38,192.26
CL025315,H118,16.09,169.77
CL031058,H098,185.72,76.5
CL020103,H017,85.31,194.55
CL003300,H025,284.58,117.64
CL030493,H035,183.56,101.95
CL030974,H103,238.64,160.49
CL005553,H110,175.28,111.59
CL022396,H042,220.18,16.6
CL023952,H001,79.97,142.79
CL013218,H070,192.57,230.17
CL003338,H065,103.21,124
CL010443,H042,220.06,-1.57
CL008995,H045,161.21,78.67
CL030202,H061,95.18,48.94
CL003416,H045,142.95,80.57
CL002949,H113,183.05,209.33
CL026396,H120,38.26,113.6
CL028105,H017,50.27,182.73
CL013653,H047,189.4,15.63
CL028309,H070,231.39,150.34
CL018605,H010,39.96,203.14
CL024605,H067,148.25,104.18
CL008118,H029,82.53,102.69
CL002766,H007,197.43,58.04
CL023829,H104,222.98,212.8
CL018199,H067,122.5,89.49
CL032512,H056,145.35,61.46
CL020450,H004,229.84,146.81
CL031179,H009,-4.42,156.15
CL010854,H004,216.66,131.58
CL032606,H046,145.51,31.72
CL010086,H023,154.64,195.39
CL015897,H012,3.22,147.46
CL023983,H024,247.42,195.39
CL022778,H004,214.54,134.32
CL005389,H026,269.59,171.15
CL022517,H053,205.41,12.07
CL030801,H007,192.42,69.87
CL017653,H013,-2.72,188.14
CL004094,H033,66.18,95.59
CL007134,H072,154.34,175.42
CL033341,H045,163.11,57.49
CL021550,H045,170.52,82.29
CL007920,H057,50.46,159.86
CL030143,H116,101.36,128.25
CL022425,H079,128.92,105.94
CL004160,H008,139.33,26.1
CL016160,H011,-3.36,201.44
CL000692,H014,135.57,175.77
CL014259,H014,130.29,168.39
CL004971,H070,300.86,109.45
CL032254,H116,-6.64,171.81
CL002340,H018,154.84,197.29
CL001905,H002,132.1,178.16
CL016330,H001,80.05,158.06
CL024117,H072,146.28,176.76
CL021081,H086,258.48,167.79
CL004177,H023,158.81,188.21
CL027765,H108,0.7,158.8
CL006871,H066,116.82,107.2
CL013675,H068,150.59,202.57
CL012746,H118,-14.33,161.75
CL009255,H023,152.57,191.24
CL018609,H014,136.41,172.27
CL010544,H039,213.24,61.78
CL007579,H057,72.08,163.9
CL011578,H106,146.49,182.52
CL023834,H110,158.33,93.99
CL002237,H012,6.04,144.64
CL020017,H024,263.01,199
CL016414,H093,77.76,158.09
CL026769,H086,266.31,157.6
CL024513,H079,125.73,108.25
CL017940,H110,169.86,92.99
CL021389,H106,139.49,158.18
CL030778,H087,196.31,154.45
CL021461,H067,139.66,94.6
CL012279,H086,260.26,157.5
CL004092,H032,100.48,57.72
CL010271,H091,184.11,61.15
CL030166,H016,146.73,207.71
CL026228,H046,153.11,26.83
CL016941,H059,106.35,159.85
CL024075,H011,5.91,187.11
CL015253,H024,250.79,201.88
CL013705,H119,188.9,32.43
CL013532,H036,170.54,128.46
CL030484,H025,279.03,110.13
CL006384,H013,-4.1,185.46
CL022714,H046,104.48,38.8
CL025744,H004,220.27,135.08
CL009100,H062,162.26,189.72
CL026214,H013,-0.42,202.53
CL011366,H001,95.67,159.01
CL012104,H003,199.88,227.77
CL005310,H083,129.02,-1.55
CL007544,H114,43.29,213.4
CL003059,H015,154.26,166.72
CL020110,H030,63.37,102.59
CL024584,H056,152.48,59.41
CL032232,H086,264.01,157.69
CL024251,H061,41.71,68.72
CL007285,H013,-15.43,193.72
CL020091,H008,154.52,35.29
CL002148,H022,239.84,187.69
CL003858,H102,162.7,-20.47
CL023048,H010,47.13,209.1
CL001803,H040,196.07,97.91
CL008448,H006,186.57,159.77
CL030212,H080,-2.37,156.83
CL006277,H120,39.66,120.07
CL018699,H008,141.92,31.4
CL023270,H051,107.35,24.74
CL012221,H009,7.04,131.06
CL031841,H028,200.1,135.59
CL028467,H008,154.55,37.66
CL024165,H025,308.59,125.91
CL016748,H062,162.98,192.47
CL022899,H007,194.02,58.95
CL020820,H086,272.2,161.16
CL020731,H103,217.86,142.26
CL015330,H008,156.59,37.24
CL000745,H096,229.24,139.11
CL016059,H022,245.22,188.11
CL022201,H001,81.41,146.16
CL028726,H039,197.54,74.99
CL021418,H011,-0.78,171.55
CL025195,H102,151.11,-20.23
CL019321,H075,88.39,135.76
CL007393,H015,129.83,187.29
CL010736,H066,146.27,-22.81
CL020256,H078,29.63,187.34
CL009170,H035,193.35,121.02
CL021589,H101,55.48,73.12
CL025986,H034,127.58,150.79
CL008862,H100,-12.44,174.49
CL002466,H070,223.7,152.12
CL002403,H100,1.1,206.08
CL013247,H110,173.92,101.37
CL020906,H062,166.84,201.6
CL003523,H064,108.34,83.38
CL001205,H105,11.54,166.11
CL009164,H034,135.46,143.15
CL011077,H014,135.62,173.67
CL000072,H068,150.57,201.92
CL019162,H023,150.49,177.9
CL032182,H030,64.93,83.21
CL010393,H002,132.26,193.88
CL033257,H009,1.23,144
CL000636,H045,162.56,77.61
CL011707,H021,184.34,209.92
CL012133,H025,290.87,103.41
CL017840,H092,199.82,75.41
CL023301,H110,165.92,95.22
CL033132,H095,124.49,194.83
CL015675,H055,100.37,65.13
CL000953,H004,213.6,129.65
CL001445,H073,138.56,42.53
CL024032,H090,218.18,157.42
CL025397,H073,148.38,43.41
CL019888,H001,82.98,163.84
CL014548,H012,-1.05,146.59
CL010748,H093,79.21,159.02
CL005940,H009,0.29,144.06
CL030105,H019,243.2,215.33
CL014990,H037,205.47,103.61
CL009918,H054,26.37,202.15
CL029889,H066,204.79,120.42
CL011348,H091,198.09,43.53
CL011779,H001,108.77,116.67
CL023695,H044,194.7,-8.98
CL001620,H053,207.1,36.02
CL027367,H043,192.76,65.27
CL006106,H119,196.33,8.04
CL017778,H100,-9.64,172.72
CL003937,H074,65.87,85.34
CL018768,H085,245.71,132.62
CL024214,H003,194.39,227.94
CL006904,H103,223.62,146.51
CL033417,H028,208.03,143.42
CL032618,H069,137.31,189.65
CL018905,H008,148.99,31.53
CL002561,H008,155.45,40.97
CL018720,H034,121.07,139.16
CL024635,H102,139.69,-19.11
CL010189,H105,31.34,143.63
CL029338,H054,22.39,172.48
CL022644,H080,48.32,169.07
CL004821,H034,138.72,138.55
CL023877,H024,255.46,195.99
CL028272,H036,176.92,130.98
CL016864,H100,-1.08,189.65
CL005579,H046,186.81,57.16
CL011688,H003,203.35,218.9
CL000592,H083,132.91,44.63
CL007512,H060,181.02,31.82
CL012827,H100,-12.94,172.33
CL029176,H004,216.7,132.98
CL029886,H064,132.4,78.1
CL006413,H051,97.41,25.98
CL022075,H078,38,183.34
CL015446,H027,213.52,137.46
CL013658,H057,67.14,154
CL032595,H025,280.44,101.11
CL022682,H007,194.98,65.61
CL030337,H096,226.99,129.26
CL022055,H039,218.94,57.74
CL020433,H112,9.3,199.87
CL000229,H001,64,175.03
CL000513,H112,21.74,200.24
CL028645,H096,233.7,151.3
CL029262,H100,9.23,186.17
CL026866,H023,165.73,205.08
CL010573,H079,117.21,122.75
CL015761,H043,200.51,62.82
CL032052,H003,207.89,231.94
CL020819,H086,277.5,176.69
CL024697,H066,62.11,76.53
CL007047,H087,193.33,154.13
CL010739,H070,220.3,172.72
CL027990,H120,36.45,121.59
CL025925,H086,244.43,168
CL018907,H009,-0.99,152.54
CL005350,H003,200.56,233.19
CL017570,H016,156.08,217.32
CL027655,H093,75.17,175.35
CL017357,H022,235.9,194.98
CL020378,H016,146.44,206.53
CL027919,H027,206.39,142.07
CL002493,H004,215.59,129.32
CL000203,H085,244.91,130.65
CL021193,H110,189.42,86.51
CL012592,H114,50.06,215.7
CL018275,H034,139.74,138.22
CL019203,H075,76.43,147.37
CL001828,H083,119.52,45.74
CL003864,H117,172.21,129.4
CL020065,H103,233.49,162.27
CL000408,H081,248.76,153.25
CL000109,H001,82.89,144.63
CL024923,H007,198.49,81.84
CL030651,H100,0.53,174.46
CL015822,H006,195.07,145.74
CL011741,H060,193.41,55.58
CL021295,H119,175.06,16.15
CL006514,H034,141.65,134.18
CL021009,H070,53.9,158.67
CL000884,H035,177.16,147.51
CL014252,H008,161.61,29.17
CL018109,H076,178.06,196.72
CL021819,H007,199.38,74.66
CL014778,H019,244.98,215.68
CL020145,H079,129.94,117.83
CL001680,H007,189.95,56.87
CL010909,H058,133.44,198.69
CL031697,H112,16.53,191.51
CL006241,H047,188.03,20.27
CL020555,H006,183.52,137.18
CL012274,H080,55.98,150.68
CL010444,H042,216.37,4.11
CL018336,H112,26.94,212.45
CL000834,H101,102.5,82.81
CL018342,H120,66.37,146.4
CL011497,H098,239.53,93.5
CL031235,H079,132.96,107.12
CL010597,H001,68.17,171.46
CL011537,H042,224.06,-2.88
CL017952,H002,113.56,176.69
CL024749,H008,155.53,35.76
CL018714,H023,141.76,188.3
CL006101,H113,178.13,210.01
CL018665,H102,178.48,43.81
CL011225,H059,118.39,168.28
CL018419,H098,60.3,63.44
CL019193,H061,112.71,86.09
CL030789,H114,32.32,218.06
CL007646,H058,116.42,188.79
CL021283,H095,120.76,186.3
CL028138,H070,221.04,149.36
CL028472,H009,21.19,166.63
CL000983,H033,63.48,102.21
CL022321,H072,148.56,171.36
CL031289,H040,212.48,93.92
CL002096,H075,77.89,152.97
CL000987,H034,132.55,142.35
CL019065,H116,7.42,171.04
CL007848,H070,205.77,28.93
CL013473,H082,128.15,42.55
CL021991,H107,54.06,128.45
CL010124,H104,222.96,210.57
CL011605,H011,6.37,183.02
CL026357,H067,139.77,93.99
CL024812,H076,199.06,217.86
CL025013,H013,-12.21,200.3
CL030345,H106,116.48,160.18
CL000714,H056,171.29,54.89
CL031947,H057,73.3,167.16
CL010689,H112,16.9,211.4
CL027626,H064,105.15,89.1
CL031730,H009,-3.31,163.4
CL016211,H081,244.4,168.53
CL022826,H048,128.65,67.24
CL023591,H022,244.05,187.67
CL033350,H066,201.73,114.08
CL031256,H110,169.61,98.17
CL008694,H062,170.34,183.18
CL005458,H118,8.2,175.32
CL017586,H040,214.22,95.14
CL015270,H047,184.07,24.05
CL028909,H005,39.59,116.8
CL026589,H006,176.8,134.96
CL018290,H055,102.24,66.77
CL022571,H004,212.21,138.98
CL006075,H074,55.09,44.53
CL020007,H012,4.41,136.31
CL003003,H067,141.77,106.55
CL029060,H104,235.15,213.16
CL021434,H027,193.23,143.34
CL001993,H085,246.46,133
CL002076,H061,109.18,75.52
CL016889,H008,152.94,36.03
CL008239,H073,159.9,22.43
CL017765,H063,162.2,-29.35
CL011606,H012,8.71,139.57
CL028079,H113,166.37,180.82
CL007515,H063,78.14,144.63
CL026835,H083,120.27,43.82
CL003317,H041,233.38,44.15
CL033002,H070,208.96,-11.43
CL004343,H040,234.5,95.23
CL025469,H035,189.52,117.87
CL014579,H079,130.98,109.62
CL033337,H036,168.98,132.49
CL025676,H021,185.19,213.43
CL029778,H067,139.94,91.71
CL017046,H091,198.35,45.93
CL026665,H087,196.36,154.83
CL025145,H026,287.63,182.61
CL025216,H006,162.03,137.84
CL013878,H086,263.3,158.06
CL007111,H039,226.35,60.04
CL018529,H025,297.89,105
CL002294,H096,227.97,143.25
CL014700,H049,152.45,198.48
CL019325,H081,247.78,143.94
CL007448,H101,70.84,83.82
CL002360,H051,87.09,15.12
CL018770,H091,203.32,67.96
CL023256,H034,143.24,147.52
CL019827,H034,140.87,140.14
CL000739,H085,246.57,138.44
CL017076,H003,202.16,232.66
CL029363,H111,147.11,186.08
CL028245,H007,172.7,56.91
CL012119,H011,-6.57,215.88
CL011025,H073,143.96,51.1
CL020322,H042,203.09,-4.93
CL003285,H008,147.04,27.49
CL019305,H057,78.56,166.81
CL015564,H041,225.82,69.59
CL022225,H033,68.73,66.14
CL018706,H015,131.47,194.15
CL031535,H025,299.41,104.83
CL025248,H033,63.23,97.66
CL020611,H067,131.82,121.84
CL026348,H056,140.6,49.38
CL025615,H042,194.78,3.64
CL005406,H045,136.81,93.49
CL032455,H003,181.1,219.9
CL004702,H011,3.29,189.1
CL018394,H062,173.02,184.7
CL020102,H017,108.82,201.3
CL018365,H020,170.78,217.33
CL016293,H053,192.73,36.84
CL005642,H025,290.41,120.03
CL002923,H070,302.54,118
CL000674,H004,212.04,129.68
CL003979,H010,38.58,209.89
CL021019,H092,189.1,71.39
CL005693,H120,31.97,116.85
CL030422,H070,221.74,147.94
CL027458,H055,104.25,61.34
CL027992,H001,72.03,127.3
CL006550,H098,253.9,113.58
CL010575,H080,55.28,146.4
CL005318,H096,223.21,146.67
CL011057,H003,197.9,232.13
CL006271,H113,210.62,206.33
CL006967,H071,122.19,200.97
CL027917,H017,95.89,209.04
CL025001,H006,192.75,178.15
CL001124,H065,99.64,129.51
CL032560,H116,249.54,95.74
CL009468,H070,283.58,187.37
CL028691,H009,1,145.94
CL021308,H007,168.19,90.62
CL019114,H087,196.9,154.1
CL010007,H033,62.2,96.01
CL019030,H047,179.11,13.86
CL003131,H017,102.1,197.79
CL027056,H032,102.07,53.04
CL000877,H025,281.98,103.96
CL029892,H067,135.17,85.75
CL028229,H117,205.03,120.93
CL027019,H118,-7.07,171.17
CL010951,H002,139.52,193.52
CL004448,H063,195.91,165.32
CL009612,H054,0.6,214.64
CL005390,H027,207.3,138.08
CL011231,H068,131.3,201.55
CL014152,H013,-14.61,193.46
CL024939,H032,57.52,65.31
CL019882,H107,51.34,131.45
CL004572,H099,306.64,124.83
CL007220,H046,147.6,43.45
CL017999,H066,203.43,118.38
CL024590,H059,113.87,165.66
CL017229,H006,159.16,150.96
CL010855,H004,208.64,121.09
CL001977,H069,112.08,193.48
CL004859,H100,-3.14,162.14
CL023041,H008,140.75,55.58
CL030813,H016,119.36,188.13
CL030331,H085,243.67,124.48
CL022056,H039,155.13,61.15
CL032921,H102,141.46,-19.03
CL028457,H004,216.98,131.47
CL000996,H052,270.86,184.39
CL009995,H014,134.93,176.25
CL025008,H010,37.31,198.42
CL017360,H025,294.64,103.61
CL011761,H100,27.55,156.87
CL004755,H092,188.02,81.11
CL016234,H001,76.91,146.04
CL022828,H050,103.09,66.85
CL020599,H059,107.54,161.02
CL020190,H008,161.29,37.08
CL015793,H086,271.11,163.92
CL018375,H033,65.65,98.94
CL018854,H057,71.93,145.22
CL009092,H047,185.84,19.68
CL033191,H029,82.01,117.94
CL017996,H059,109.3,163.13
CL000779,H013,-15.79,197.09
CL029225,H041,233.25,51.19
CL032709,H002,136.91,190.34
CL004169,H014,134.4,173.03
CL010365,H091,205.27,38.71
CL024407,H090,207.7,147.34
CL016416,H096,230.46,161.95
CL028474,H011,6.47,180.44
CL006872,H066,285.36,173.42
CL017652,H012,2.05,146.51
CL000428,H001,112.31,163.22
CL017983,H037,184.91,88.18
CL014707,H056,140.82,62.37
CL028960,H063,126.22,144.78
CL018889,H120,40.44,119.78
CL024671,H023,154.96,216.43
CL012481,H067,135.61,91.16
CL015223,H086,263.74,158.42
CL027637,H073,150.85,48.06
CL006788,H101,57.3,80.54
CL015464,H052,295.32,184.68
CL015740,H012,2.64,144.92
CL031440,H028,243.22,147.08
CL030256,H006,185.59,112.28
CL018973,H082,112.07,49.91
CL000368,H025,280.35,102.72
CL011043,H106,131.34,172.49
CL020965,H008,145.93,33.5
CL027941,H048,83.48,51.11
CL008391,H053,197.27,6.66
CL002506,H018,149.45,189.9
CL019776,H074,64,41.78
CL030792,H120,39.25,119.67
CL027757,H101,69.15,101.01
CL019914,H015,131.18,191.63
CL008626,H102,136.95,-9.5
CL008092,H006,183.75,123.47
CL012704,H052,272.85,185.55
CL011258,H098,247.23,87.75
CL013965,H103,224.53,153.11
CL009862,H003,203.64,233.26
CL023615,H066,193.7,112.9
CL020598,H057,73.18,164.5
CL012622,H037,167.89,96.59
CL032572,H005,53.51,96.57
CL002073,H059,109.82,159.68
CL022418,H068,153.31,202.67
CL014303,H071,125.63,182.62
CL022253,H075,77.64,147.66
CL019589,H028,212.08,149.2
CL008208,H038,125.42,159.79
CL027358,H036,190.25,134.11
CL021486,H105,11.71,163.64
CL023506,H119,194.8,25.81
CL019645,H089,243.87,192.33
CL024666,H017,97.09,201.62
CL010255,H067,139.2,85.44
CL022013,H005,45.44,119.97
CL010284,H110,180.27,65.51
CL002855,H115,48.89,179.97
CL009806,H055,101.08,65.16
CL017781,H102,133.22,-16.36
CL022863,H085,204.88,165.68
CL004751,H078,66.89,155.48
CL007799,H013,-13.09,192.87
CL032752,H019,234.26,227.55
CL000502,H096,225.42,147.11
CL003192,H014,133.37,177.32
CL009186,H051,88.59,16.75
CL024985,H112,16.56,171.46
CL016612,H014,139.47,171.62
CL009290,H075,75.61,151.34
CL011774,H120,27.15,118.72
CL015859,H063,162.75,-7.88
CL007105,H035,201.79,109.41
CL007348,H098,96.48,166.97
CL027249,H043,197.45,54.51
CL010848,H001,84.79,135.41
CL016534,H019,237.41,216.73
CL019412,H059,114.48,144.42
CL015625,H001,73.53,145.04
CL013312,H083,120.13,40.58
CL032411,H066,77.65,55.41
CL008193,H017,107.33,210.06
CL023464,H059,121.49,169.45
CL029626,H008,142.05,44.45
CL019368,H008,136.37,51.92
CL020249,H061,87.73,76.56
CL018695,H007,190.03,76.48
CL004797,H009,1.92,149.08
CL003934,H072,146.1,175.66
CL031806,H118,11.45,178.7
CL028634,H070,110.66,198.53
CL026400,H002,131.17,199.32
CL007893,H017,92.78,187.66
CL002813,H042,212.82,1.85
CL023769,H016,167.83,217.76
CL017572,H020,180.78,188.57
CL004244,H004,215.25,139.39
CL017312,H091,184.19,52.21
CL025178,H081,242.42,146.8
CL022514,H045,170.48,59.17
CL032827,H006,173.99,172.21
CL005990,H097,209.93,122.67
CL022634,H069,148.51,194.59
CL012564,H055,97.73,64.09
CL002321,H004,215.25,136.44
CL029811,H110,161.5,94.23
CL015011,H065,120.64,119.11
CL014149,H009,-13.91,180.79
CL026502,H008,152.93,36.15
CL028789,H007,195.82,78.68
CL014860,H011,23.06,135.69
CL021440,H033,62.53,96.74
CL024813,H076,190.86,223.46
CL032064,H010,39.28,202.69
CL002874,H006,181.42,140.98
CL017042,H081,263.68,141.3
CL001356,H079,127.7,105.15
CL032717,H004,199.89,125.14
CL023473,H072,138.28,180.95
CL000737,H080,69.51,130.26
CL023075,H033,69.99,101.51
CL005452,H105,10.11,164.73
CL005246,H023,133.97,199.12
CL021430,H024,247,200.31
CL022825,H047,189.23,33.69
CL017043,H083,121.54,42.26
CL004279,H046,148.62,3.31
CL011222,H056,136.56,64.73
CL029569,H058,128.45,197.34
CL000742,H093,78.68,158.88
CL001395,H007,191.43,71.95
CL011065,H004,197.66,144.83
CL012944,H001,80.73,143.02
CL017481,H037,175.35,88.46
CL030953,H071,120.77,191.8
CL015188,H024,252.6,203.44
CL001343,H064,93.72,102.39
CL026825,H061,107.46,80.95
CL011993,H009,0.41,147.23
CL030106,H020,168.69,209.61
CL011413,H065,101.05,130.78
CL023025,H001,86.82,132.55
CL004667,H079,133.62,74.09
CL005363,H006,189.67,143.99
CL025190,H093,83.07,163.88
CL010056,H111,121.47,160.29
CL012684,H014,143.62,176.91
CL020366,H002,119.65,194.11
CL006844,H030,47.77,128.15
CL003271,H120,50.53,135.9
CL030824,H027,203.99,140.33
CL018123,H096,213.91,142.66
CL006009,H005,50.7,114.17
CL002604,H045,152.86,94.39
CL020633,H107,46.88,128.17
CL011024,H071,51.23,45.19
CL003231,H063,152.86,-12.1
CL024622,H088,110.44,166.07
CL019225,H115,73.9,184.4
CL029397,H052,270.77,186.94
CL021454,H059,108.96,165.72
CL032984,H042,214.4,1.23
CL027002,H086,262.48,164.38
CL007808,H022,224.42,177.93
CL019078,H016,146.53,208.61
CL000931,H100,-13.16,173.87
CL030985,H001,90.72,132.47
CL026625,H040,214.8,98.1
CL028356,H119,184.63,1.05
CL012060,H017,102.12,201.51
CL023429,H006,172.03,143.72
CL018651,H078,40.99,191.28
CL011650,H068,153.94,216.73
CL012749,H120,61.93,124.55
CL023806,H067,154.43,85.79
CL000416,H099,309.5,120
CL022995,H055,106.2,66.37
CL004912,H079,132.18,108.56
CL012689,H026,290.73,181.31
CL008935,H120,33.94,119.12
CL028123,H050,109.68,65.23
CL007459,H115,48.79,191.75
CL008413,H083,123.43,43.81
CL013830,H017,91.2,204.35
CL031231,H071,121.74,194.38
CL005491,H019,239.13,210.4
CL005732,H027,188.12,142.41
CL008822,H006,177.96,142.09
CL023078,H036,162.88,136.57
CL006417,H057,56.24,146.79
CL026093,H039,214.73,59.51
CL017768,H069,124.43,169.84
CL025459,H022,226.33,195.93
CL010034,H076,195.83,215.5
CL013888,H101,65.2,79.45
CL005649,H041,226.97,37.85
CL029065,H114,21.67,198.32
CL001586,H010,41.22,205.42
CL026247,H068,195.4,189.23
CL032088,H030,57.97,99.64
CL025839,H100,-6.49,172.5
CL028185,H022,234.08,208.88
CL016789,H007,210.4,72.44
CL010814,H070,126.45,82.52
CL027378,H058,134.18,185.72
CL015310,H116,159.65,133.4
CL011552,H063,34.23,139.76
CL004618,H014,126.43,161.5
CL029353,H087,201.76,148.9
CL003750,H063,236.82,90.95
CL031285,H027,206.48,162.34
CL032383,H034,139.26,138.19
CL009399,H079,125.11,133.11
CL001878,H059,82.4,169.72
CL005587,H060,207.12,-8.12
CL029931,H001,82.11,146.48
CL001014,H070,51.85,167.67
CL008612,H083,119.24,6.84
CL025714,H070,215.7,149.23
CL021764,H069,140.02,188.98
CL020451,H004,215.02,134.17
CL003388,H012,-11.32,157.48
CL029935,H003,201.59,234.23
CL009675,H009,11.98,158.83
CL024188,H074,78.67,32.11
CL003815,H044,176.43,42.34
CL008688,H051,122.6,19.16
CL025407,H086,249.05,151.47
CL013292,H057,74.01,173.51
CL030270,H016,182.49,200.22
CL021689,H105,3.74,149.4
CL007588,H070,52.6,112.11
CL028378,H006,177.19,129.19
CL012294,H100,8.65,172.17
CL001499,H021,172.49,217.07
CL011517,H014,135.53,175.79
CL020876,H027,203.96,140.81
CL012616,H023,159.19,195.31
CL017045,H088,123.18,146.23
CL031188,H017,97.93,212.73
CL016755,H070,231.32,160.83
CL022463,H002,157.65,183.96
CL028926,H013,-9.86,206.9
CL014482,H043,223.59,73.34
CL020085,H004,236.46,121.08
CL026272,H112,23.21,204.94
CL004735,H059,109.97,166.83
CL005152,H035,184.96,120.47
CL030858,H068,150.01,202.55
CL001741,H079,130.46,108.45
CL024374,H062,161.71,189.28
CL017364,H028,213.77,146.77
CL010431,H023,154.94,176.61
CL028076,H109,78.12,159.45
CL033412,H022,228.12,179.83
CL004566,H081,244.56,139.26
CL017972,H023,144.76,182.84
CL025753,H008,146.51,50.44
CL032354,H005,49.71,112.73
CL027558,H104,223.63,212.98
CL012132,H023,150.85,195.28
CL015566,H045,174.67,70.94
CL030986,H001,86.2,154.76
CL014958,H005,44.77,116.96
CL022954,H002,157.01,182.22
CL007378,H004,211.66,110.36
CL008531,H120,44.27,123.03
CL026745,H057,73.01,158
CL010377,H105,20.94,167.85
CL022438,H093,79.76,159.11
CL028057,H073,140.7,53.43
CL030295,H033,62.17,87.75
CL018703,H009,-12.4,166.26
CL002811,H041,229.9,63.12
CL015748,H020,171.13,208.86
CL017027,H054,22.84,202.69
CL009461,H061,104.26,81.15
CL000341,H004,219.47,130.83
CL018307,H075,76.94,149.46
CL005715,H011,27.71,167.43
CL026195,H119,179.95,-8.31
CL023077,H033,58.74,93.47
CL031136,H085,218.54,117.68
CL023903,H051,86.16,22.78
CL016878,H004,216.75,134.18
CL011692,H005,78.31,119.87
CL022362,H009,1.51,166.26
CL012355,H043,207.05,53.45
CL003054,H009,0.17,145.24
CL013541,H043,220.8,34.54
CL010430,H022,230.23,184.61
CL030905,H016,142.76,185.23
CL010629,H031,83.29,37.95
CL013863,H063,225.51,128.57
CL007225,H059,122.14,146.79
CL013544,H047,187.1,10.54
CL007555,H006,184.52,143.47
CL028282,H042,212,6.38
CL016554,H053,225.95,9.66
CL022755,H092,177.8,47.6
CL014909,H069,132.84,179.61
CL017443,H004,214,136.18
CL021843,H034,137.71,146.34
CL010045,H093,80.73,160.94
CL033359,H072,152.76,174.14
CL025562,H070,185,85.09
CL001576,H007,194.39,72.86
CL018116,H083,130.07,51.36
CL014117,H079,134.56,111.43
CL024470,H031,92.62,47.1
CL017204,H086,259.42,153.87
CL033149,H001,102.32,143.29
CL010367,H093,82.61,161.25
CL027264,H063,50.44,88.04
CL002728,H093,52.46,156.87
CL013824,H009,-14.77,173.08
CL025654,H117,198.84,122.87
CL002698,H051,97.37,43.16
CL014022,H070,228.76,162.28
CL004371,H083,152.66,18.07
CL014753,H116,-8.87,199.86
CL014940,H117,189.47,128.86
CL031036,H064,108.29,86.27
CL020154,H093,77.99,161.07
CL014848,H006,185.49,142.81
CL002157,H029,88.56,116.88
CL032017,H067,145.8,94.77
CL000929,H099,315.08,139.53
CL013048,H004,215.95,131.25
CL024110,H063,94.33,33.61
CL030367,H007,198.59,77.67
CL001059,H007,201.18,71.3
CL006311,H035,191.65,115.94
CL008305,H058,134.16,179.11
CL030574,H016,145.81,210.42
CL015861,H066,179.91,121.15
CL002580,H026,279.92,188.33
CL017512,H070,129.24,-7.23
CL029222,H038,161.38,157.26
CL007210,H038,145.65,145.07
CL002158,H032,97.73,33.26
CL022585,H008,144.17,32.94
CL027293,H108,2.11,168.43
CL029969,H038,145.54,145.67
CL009637,H080,60.24,142.09
CL001572,H005,50.68,110.79
CL007533,H093,81.46,158.41
CL025395,H066,31.79,145.1
CL012385,H082,123.69,36.54
CL001786,H009,1.5,144.88
CL013056,H010,-12.47,178.76
CL008401,H066,151.95,-5.89
CL026532,H057,73.93,162.12
CL027164,H057,72.87,167.76
CL021623,H034,122.82,137.74
CL007531,H090,203.68,131.7
CL008885,H021,200.35,206.86
CL013602,H003,194.8,218.74
CL027713,H031,100.6,67.33
CL022390,H033,66.87,101.2
CL004942,H008,157.75,72.2
CL001909,H004,215.37,131.65
CL008798,H090,202.91,153.08
CL015218,H082,126.52,44.77
CL017933,H092,179.94,75.53
CL007088,H017,91.43,212.14
CL017030,H059,109.32,164.86
CL027076,H066,294.42,107.61
CL017066,H117,190.79,131.84
CL004902,H062,168.58,165.19
CL024091,H034,140.4,136.17
CL003885,H010,12.01,211.86
CL025609,H028,225.4,142.09
CL006446,H093,55.36,163.33
CL000706,H039,213.96,60.79
CL006439,H085,216.78,127.23
CL000465,H035,156.03,116.18
CL008014,H040,211.8,90.55
CL028546,H105,1.46,166.67
CL023069,H027,203.74,140.33
CL015667,H042,213.53,2.42
CL021215,H005,48.4,90.76
CL014027,H075,76.75,151.55
CL021482,H103,237.61,153.58
CL023038,H007,191.04,69.39
CL018106,H072,154.96,169.82
CL003290,H012,22.43,143.75
CL023492,H100,-3.07,174.63
CL004589,H003,199.3,234.54
CL009933,H079,149.89,84.66
CL006720,H014,153.28,198.9
CL030393,H037,182.42,80.22
CL027995,H002,139.32,184.71
CL008714,H106,127.45,171.33
CL019935,H042,228.1,25.86
CL023357,H015,116.42,196.47
CL028475,H011,-4.23,184.92
CL032032,H095,123.35,192.06
CL003013,H080,61.24,143.17
CL031723,H007,200.5,86.4
CL031424,H009,2.04,148.59
CL031282,H017,101.55,211.47
CL017902,H054,17.68,218.84
CL005440,H092,189.75,92.53
CL002792,H025,275.9,126.35
CL023907,H055,113.47,64.32
CL011408,H052,265.05,182.44
CL003882,H007,182,105.31
CL012782,H028,196.8,145.57
CL016213,H085,229.58,132.08
CL031959,H071,214.4,168.36
CL032923,H108,21.69,148.95
CL031866,H058,128.1,185.52
CL025411,H092,146.21,49.38
CL005157,H045,145.83,70.63
CL020013,H017,135.06,199.06
CL010556,H051,89.34,18.91
CL027561,H001,81.92,139.81
CL009919,H054,26.2,202.07
CL009546,H086,263.49,158.18
CL009126,H115,32.65,183.49
CL008584,H046,138.4,30.12
CL029607,H112,49.86,190.53
CL030418,H068,138.82,206.66
CL010966,H008,148.41,27.56
CL012804,H062,164.68,187.59
CL000835,H102,177.61,-29.01
CL005099,H118,0.22,167.43
CL006959,H063,193.69,92.64
CL013471,H079,127.42,108.5
CL008122,H035,191.18,106.49
CL021669,H054,23.92,199.54
CL006693,H002,141.98,180.86
CL015462,H048,131.65,41.14
CL004402,H008,147.75,35.3
CL000466,H035,186.23,118.34
CL004311,H107,62.74,130.75
CL030623,H070,227.72,153.43
CL015776,H069,131.53,176.66
CL032273,H012,7.94,144.6
CL011488,H075,161.02,82.18
CL021315,H011,-3.85,180.25
CL000666,H117,201.69,138.43
CL011826,H039,221.76,62.55
CL006775,H086,261.65,160.27
CL032130,H100,-4.78,173.8
CL007475,H007,188.66,78.13
CL000935,H110,171.7,98.49
CL000365,H023,153.65,180.36
CL005050,H063,254.31,130.02
CL005499,H024,255.07,201.4
CL018575,H086,269.21,154.53
CL027483,H098,250.02,92.89
CL029727,H005,55.85,107.49
CL025239,H023,154.69,194.49
CL018504,H001,75.11,144.48
CL017545,H002,133.23,179.75
CL005931,H006,182.2,128.99
CL025841,H101,69.62,85.69
CL017535,H110,161.96,98.58
CL019208,H085,245.98,133.29
CL019660,H114,44.17,218.04
CL013846,H042,204.25,-4.47
CL017110,H063,47.78,110.8
CL018034,H115,50.16,192.35
CL021674,H065,95.7,113.37
CL027480,H093,75.58,167.91
CL031431,H013,-10.86,198.64
CL015062,H004,211.87,141.67
CL020659,H008,141.76,39.37
CL027815,H020,167.92,211.99
CL003287,H010,41.25,208.38
CL020991,H055,78.88,63.26
CL016001,H075,65.52,146.63
CL020572,H024,254.66,197.7
CL012724,H067,165.66,108
CL022103,H119,208.65,15.04
CL017102,H058,88.87,210.66
CL003606,H066,209.01,121.6
CL016932,H050,107.22,70.17
CL010983,H023,161.52,197.89
CL017067,H117,195.94,126.97
CL030407,H052,272.56,182.25
CL025035,H032,104.26,43.91
CL002204,H103,226.23,159.61
CL006191,H083,113.97,34.7
CL020668,H014,175.46,196.08
CL010369,H094,211.27,129.27
CL019857,H081,248.17,148.43
CL009668,H003,205.02,222.45
CL018532,H028,215.09,136.71
CL031406,H120,51.14,126.3
CL003204,H028,215.47,144.56
CL013191,H046,119.93,8.99
CL020689,H039,206.75,63.35
CL024662,H013,1.09,199.79
CL005190,H087,184.46,167.62
CL006182,H069,125.77,191.05
CL027087,H082,106.37,57.03
CL017342,H008,161.14,45.57
CL027727,H053,210.56,10.35
CL016183,H047,178.9,15.69
CL020112,H033,101.49,92.77
CL001260,H083,112.69,41.53
CL023944,H107,45.58,133.88
CL017065,H114,49.35,215.14
CL002515,H042,216.65,4.38
CL025434,H004,233.41,119.6
CL027357,H035,186.02,114.28
CL016114,H081,262.27,159.98
CL006882,H075,76.12,149.72
CL004695,H004,215.49,123.73
CL019590,H028,196.91,139.14
CL021755,H058,148.58,202.78
CL011992,H008,145.22,26.51
CL028379,H007,194.02,68.47
CL005112,H004,213.8,127.28
CL008099,H009,2.39,141.94
CL008715,H112,51.33,191.13
CL017064,H113,180.28,210.46
CL015683,H070,221.77,149.64
CL020844,H004,210.31,124
CL002016,H117,197.99,124.76
CL031305,H072,149.65,165.34
CL008867,H113,184.99,205.64
CL027994,H002,102.61,155.8
CL031217,H058,150.91,193.97
CL015109,H048,112.63,60.18
CL001569,H003,210.19,228.15
CL002605,H049,144.04,191.98
CL005506,H031,79.95,40.33
CL025930,H093,92.31,153.44
CL022183,H096,218.38,147.64
CL030428,H075,76.86,149.38
CL025988,H035,188.29,117.88
CL004041,H093,52.16,144.09
CL011883,H001,107.37,121.58
CL009005,H066,204.62,125.06
CL022856,H079,142.84,118.24
CL023072,H029,83.05,131.97
CL019710,H066,178.62,97.1
CL029516,H006,179.6,139.76
CL025755,H009,17.45,149.41
CL012985,H034,139.42,137.95
CL021705,H004,218.41,124.68
CL024434,H004,201.94,131.38
CL000530,H003,198.93,215.81
CL024004,H051,103.89,22.73
CL007473,H005,50.74,112.27
CL011880,H120,32.12,125.68
CL002734,H099,305.53,108.23
CL003310,H034,138.24,118.57
CL027997,H003,204.66,233.07
CL028819,H080,55.94,146.33
CL025980,H028,207.44,149.18
CL000809,H057,77.35,165.03
CL019621,H057,79.74,172.26
CL012894,H053,209.27,8.25
CL028492,H033,54.6,71.43
CL028406,H035,180.24,119.95
CL029220,H035,186.28,117.78
CL032877,H043,201.41,46.47
CL027617,H052,276.98,195.06
CL021304,H003,192.62,214
CL007439,H079,156.45,103.87
CL014879,H032,106.76,41.12
CL024328,H030,46.61,109.59
CL008616,H086,262.07,149.91
CL033470,H106,135.32,172.7
CL022869,H099,317.8,132.03
CL031510,H004,215.39,150.68
CL006930,H007,201,74.59
CL028355,H117,198.07,130.51
CL001703,H038,178.25,156.84
CL003861,H107,34.64,124.65
CL019127,H001,81.29,144.48
CL015816,H004,224.95,155.26
CL008745,H016,156.51,210.99
CL024961,H066,75.04,199.78
CL016571,H071,59.05,192.56
CL006818,H006,181.96,145.13
CL021830,H013,-13.84,200.47
CL013904,H002,134.66,176.18
CL031681,H079,128.1,115.14
CL006856,H052,265.78,183.49
CL001342,H063,219.77,138.55
CL018780,H104,230.18,221.16
CL017872,H013,-11.18,193.03
CL007480,H010,40.05,201.39
CL013141,H117,193.5,131.6
CL020175,H114,47.94,203.81
CL001832,H089,238.19,172.66
CL032401,H056,134.91,59.75
CL014647,H101,97.26,93.44
CL029961,H032,83.13,73.46
CL006050,H049,151.18,188.4
CL025058,H057,85.55,161.15
CL003769,H107,41.62,141.85
CL020286,H114,44.58,208.73
CL002852,H110,149.56,89.94
CL001874,H046,150.63,36.95
CL019376,H015,142.81,189.75
CL013579,H087,195.86,151.51
CL018415,H094,222.18,118.79
CL001570,H003,218.23,204.51
CL029169,H117,190.42,128.02
CL028298,H059,111.12,159.99
CL000697,H027,171.1,158.94
CL019890,H002,133.97,171.73
CL031556,H052,269.22,188.16
CL020262,H085,241.47,119.86
CL030619,H066,15.63,138.23
CL032297,H043,221.57,59.16
CL002957,H004,207.72,124.93
CL018441,H020,158.4,217.53
CL016591,H002,149.26,180.78
CL028096,H005,49.86,101.81
CL028069,H094,181.3,90.43
CL005132,H016,137.07,194.76
CL006329,H070,39.31,159.15
CL000691,H013,-0.7,208.89
CL026063,H009,-1.15,148.87
CL029718,H003,210.26,223.32
CL001371,H102,145,-22.74
CL017269,H044,171.43,42.25
CL001987,H082,123.77,44.6
CL032248,H102,144.12,-6.17
CL024728,H103,211.58,145.7
CL000573,H063,249.13,112.47
CL007909,H039,227.62,60.74
CL021909,H003,180.07,217.88
CL025067,H069,133.91,188.04
CL031464,H059,108.1,169.3
CL015829,H008,158.58,30.28
CL006981,H094,221.32,119.11
CL018313,H078,41.86,177.13
CL019548,H103,229.99,208.01
CL008610,H083,119.78,39.47
CL015266,H040,207.49,95.01
CL002040,H013,-3.37,187.41
CL029018,H034,142.22,138.89
CL028328,H093,88.25,165.71
CL001887,H080,54.02,144.38
CL001755,H091,199.56,41.55
CL031661,H055,112.35,70.64
CL018356,H009,9.03,140.85
CL015323,H004,212.48,126.19
CL027529,H046,144.28,21.57
CL010998,H040,214.34,96.91
CL002418,H117,191.75,151.26
CL032790,H064,70.68,55.48
CL030611,H056,139.26,72.45
CL007518,H066,117.34,9.22
CL019667,H003,196.43,234.41
CL029211,H032,97.57,72.3
CL015220,H085,241.42,135.46
CL017757,H046,148.79,13.2
CL012072,H054,30.65,201.58
CL024693,H059,87.79,167.77
CL001360,H085,239.7,122.13
CL014403,H066,79.2,46.19
CL028739,H051,87.06,15.08
CL019328,H085,259.39,118.37
CL014376,H039,213.77,59.59
CL010231,H035,187.91,118.36
CL002496,H008,152.99,36.22
CL015857,H059,111.05,162.47
CL000141,H014,148.37,176.41
CL027984,H103,243.34,167.03
CL013324,H002,134.52,135.55
CL027922,H027,202.12,141
CL021621,H033,61.36,98.16
CL011572,H099,303.14,172.12
CL021219,H007,201.7,67.6
CL002715,H070,169.94,40.49
CL007738,H043,214.56,49.73
CL021832,H017,98.98,208.84
CL003223,H054,26.19,210.76
CL001934,H015,124.22,189.89
CL028072,H098,217.44,151.51
CL011007,H051,130.6,38.42
CL002525,H063,155.77,-3.89
CL027798,H010,27.28,202.3
CL012361,H054,3.19,198.86
CL018080,H045,220.91,124.85
CL008273,H010,35.69,178.24
CL023286,H076,191.1,221.68
CL010925,H081,253.2,146.86
CL020507,H070,319.78,130.23
CL025012,H011,-5.76,158.38
CL000063,H055,130.41,82.82
CL003853,H096,222.72,143.62
CL001032,H099,303.04,107.04
CL022617,H046,157.74,36.89
