grievance_id,received_on,district,hospital_id,category,text
GR0001,2024-04-01,Devgarh,H070,Demand of money,"Sir ji, At discharge the counter asked 2000/- extra, they said card amount is finished. Please look into the matter urgently."
GR0002,2024-04-02,Belapur,H071,Other,"Respected sir, Hospital staff demanded Rs 3000 from us for medicines although treatment is free under the scheme . Mobile no 9969381197 ."
GR0003,2024-04-02,Kishanpur,H063,Quality of care,"To the officer, Agent of the hospitl told villagers that free operation is available, took us in their van on Sunday. Please look into the matter urgently."
GR0004,2024-04-04,Kishanpur,H063,Demand of money,"Dear Sir/Madam, They took money (1000) for blood test and x-ray. Is this not covered under SSY card? Please take action.  "
GR0005,2024-04-04,Haripur,H098,Quality of care,"Camp ke baad hospital le gaye, operation kar diya. Nobody explained anything to us."
GR0006,2024-04-04,Kishanpur,H063,Other,They took money (8000) for blood test and x-ray. Is this not covered under SSY card? Please take action.
GR0007,2024-04-05,Haripur,H098,Other,"sir ji, agent of the hospital told villagers that free operation is available, took us in their van on sunday. we are poor people, please help."
GR0008,2024-04-05,Belapur,H071,Quality of care,"Dear Sir/Madam, My uterus was removed at age 27, I had only small stomach pain . Now I feel weak all the time ."
GR0009,2024-04-05,Haripur,H098,Quality of care,"Agent of the hospital told villagers that free operation is available, took us in their van on Sunday. Please take action."
GR0010,2024-04-06,Gopalganj,H116,Quality of care,"sir ji, hospitl people came to village camp and said everyone must get checked, then my mother was admitted and operated. please look into the matter urgently."
GR0011,2024-04-06,Belapur,H071,Other,"Sir ji, Hospital staff demanded Rs 1500 from us for medicines although treatment is free under the scheme. Mobile no 8939412102."
GR0012,2024-04-07,Kishanpur,H063,Quality of care,"Dear Sir/Madam, Camp ke baad hospital le gaye, operation kar diya. Nobody explained anything to us. Please take action."
GR0013,2024-04-07,Kishanpur,H063,Other,"sir ji, camp ke baad hospital le gaye, operation kar diya . nobody explained anything to us ."
GR0014,2024-04-07,Devgarh,H070,Card/eligibility,"We went to the hospital in emergency but they said scheme beds are full and sent us away . We are poor people, please help ."
GR0015,2024-04-07,Kishanpur,H063,Other,"They did operation in a hurry and discharged next day, the wound has not healed and there is pus. Please take action."
GR0016,2024-04-08,Gopalganj,H116,Other,"My uterus was removed at age 35, I had only small stomach pain. Now I feel weak all the time. Kindly help us."
GR0017,2024-04-09,Devgarh,H066,Other,"Agent of the hospital told villagers that free opration is available, took us in their van on Sunday.  "
GR0018,2024-04-09,Gopalganj,H116,Other,"Sir ji, We were asked to pay 8000 rupees in cash before the operation. No receipt was given. Please look into the matter urgently."
GR0019,2024-04-10,Belapur,H071,Other,"Respected sir, Agent of the hospital told villagers that free operation is available, took us in their van on Sunday. Contact me on 8269778496."
GR0020,2024-04-11,Haripur,H098,Demand of money,"Sir, At discharge the counter asked 3000/- extra, they said card amount is finished. Mobile no 7516236293."
GR0021,2024-04-11,Belapur,H071,Quality of care,"Dear Sir/Madam, They did operation in a hurry and discharged next day, the wound has not healed and there is pus.  "
GR0022,2024-04-11,Belapur,H071,Other,"To the officer, Camp ke baad hospital le gaye, operation kar diya. Nobody explained anything to us. Please take action."
GR0023,2024-04-12,Devgarh,H070,Quality of care,"Dear Sir/Madam, A vehicle from the hospital came to our village for a free health camp and took 9 people for operation the same day.  "
GR0024,2024-04-12,Gopalganj,H116,Other,"dear sir/madam, my wife is only 25 years old but they removed her uterus saying it is necessary, we were not told about any other option. mobile no 8000935728."
GR0025,2024-04-12,Devgarh,H066,Card/eligibility,"Sir, They refused treatment saying this disease is not in package list. We are poor people, please help."
GR0026,2024-04-12,Belapur,H071,Other,"respected sir, we were asked to pay 3000 rupees in cash before the operation. no receipt was given. kindly help us."
GR0027,2024-04-12,Kishanpur,H063,Other,"DEAR SIR/MADAM, THE DOCTOR SAID THE PACKAGE DOES NOT COVER THE MEDICINES AND TOOK RS. 8000 FROM MY FATHER. WE ARE POOR PEOPLE, PLEASE HELP."
GR0028,2024-04-12,Devgarh,H066,Other,We were asked to pay 1500 rupees in cash before the operation. No receipt was given. Contact me on 9714885222.  
GR0029,2024-04-13,Devgarh,H066,Demand of money,"SIR JI, THE DOCTOR SAID THE PACKAGE DOES NOT COVER THE MEDICINES AND TOOK RS. 3000 FROM MY FATHER. PLEASE TAKE ACTION.  "
GR0030,2024-04-14,Kishanpur,H063,Other,"Sir, Hospital people came to village camp and said everyone must get checked, then my mother was admitted and operated. We are poor people, please help."
GR0031,2024-04-15,Gopalganj,H116,Other,A vehicle from the hospital came to our village for a free health camp and took 6 people for operation the same day. Please take action.
GR0032,2024-04-15,Devgarh,H066,Other,"Dear Sir/Madam, Nurses were rude and did not come at night even after calling many times."
GR0033,2024-04-16,Devgarh,H066,Other,"Sir, They did operation in a hurry and discharged next day, the wound has not healed and there is pus. Mobile no 6048422050."
GR0034,2024-04-16,Kishanpur,H063,Quality of care,"Respected sir, Ward was dirty and toilets were not cleaned, no drinking water for patients. Please look into the matter urgently."
GR0035,2024-04-17,Devgarh,H066,Demand of money,"To the officer, Hospital staff demanded Rs 3000 from us for medicines although treatment is free under the scheme. Mobile no 8436875130."
GR0036,2024-04-17,Gopalganj,H116,Other,"SIR JI, DOCTOR DID OPERATION OF APPENDIX WITHOUT ANY TEST, NOW MY SON HAS PAIN AND THEY ARE NOT ATTENDING . PLEASE TAKE ACTION .  "
GR0037,2024-04-18,Haripur,H098,Other,"my uterus was removed at age 26, i had only small stomach pain. now i feel weak all the time. mobile no 6428210419."
GR0038,2024-04-19,Gopalganj,H116,Demand of money,"Sir, The doctor said the package does not cover the medicines and took Rs . 1000 from my father . Mobile no 6134028815 ."
GR0039,2024-04-19,Kishanpur,H063,Demand of money,We were asked to pay 5000 rupees in cash before the operation. No receipt was given. Please look into the matter urgently.
GR0040,2024-04-19,Kishanpur,H063,Other,"my uterus was removed at age 32, i had only small stomach pain. now i feel weak all the time."
GR0041,2024-04-19,Devgarh,H066,Other,"Respected sir, At discharge the counter asked 8000/- extra, they said card amount is finished. We are poor people, please help."
GR0042,2024-04-19,Gopalganj,H116,Other,"Doctor did opration of appendix without any test, now my son has pain and they are not attending. We are poor people, please help."
GR0043,2024-04-20,Haripur,H098,Other,"Dear Sir/Madam, Camp ke baad hospital le gaye, operation kar diya . Nobody explained anything to us . We are poor people, please help ."
GR0044,2024-04-21,Gopalganj,H116,Other,"Dear Sir/Madam, They did operation in a hurry and discharged next day, the wound has not healed and there is pus. Mobile no 7434315750.  "
GR0045,2024-04-21,Kishanpur,H063,Quality of care,"Sir, Food was not given to the patient as promised under the scheme. Contact me on 7834949005."
GR0046,2024-04-22,Devgarh,H070,Other,"Dear Sir/Madam, Camp ke baad hospital le gaye, operation kar diya. Nobody explained anything to us. Please look into the matter urgently."
GR0047,2024-04-22,Gopalganj,H116,Other,"dear sir/madam, health camp was held in the panchayat bhawan, many old people were taken for eye operation, they were sent back next day. mobile no 7976761467."
GR0048,2024-04-22,Devgarh,H066,Other,"Dear Sir/Madam, Agent of the hospital told villagers that free operation is available, took us in their van on Sunday. Contact me on 6345243110."
GR0049,2024-04-23,Belapur,H071,Other,"Sir, Agent of the hospital told villagers that free operation is available, took us in their van on Sunday. Mobile no 6013244243."
GR0050,2024-04-24,Devgarh,H070,Other,"respected sir, a vehicle from the hospital came to our village for a free health camp and took 3 people for operation the same day . we are poor people, please help ."
GR0051,2024-04-24,Gopalganj,H116,Denial of treatment,"Dear Sir/Madam, Card is not accepted, staff says server is down for last 4 days. We are poor people, please help."
GR0052,2024-04-24,Gopalganj,H116,Other,"Sir ji, They did opration in a hurry and discharged next day, the wound has not healed and there is pus."
GR0053,2024-04-24,Haripur,H098,Other,"Sir, Hospital staff demanded Rs 500 from us for medicines although treatment is free under the scheme. We are poor people, please help."
GR0054,2024-04-25,Devgarh,H070,Other,"Dear Sir/Madam, Agent of the hospital told villagers that free opration is available, took us in their van on Sunday. Please look into the matter urgently.  "
GR0055,2024-04-25,Devgarh,H066,Quality of care,"Sir ji, Health camp was held in the panchayat bhawan, many old people were taken for eye opration, they were sent back next day. Mobile no 7520201070."
GR0056,2024-04-26,Devgarh,H070,Demand of money,"To the officer, They took money (8000) for blood test and x-ray . Is this not covered under SSY card? We are poor people, please help ."
GR0057,2024-04-26,Devgarh,H070,Quality of care,"Dear Sir/Madam, My wife is only 32 years old but they removed her uterus saying it is necessary, we were not told about any other option. Please look into the matter urgently."
GR0058,2024-04-26,Gopalganj,H116,Demand of money,"Dear Sir/Madam, At discharge the counter asked 1500/- extra, they said card amount is finished. We are poor people, please help."
GR0059,2024-04-26,Devgarh,H070,Other,"Sir, Doctor visited only once in 4 days, junior staff was handling everything. Contact me on 9952982651."
GR0060,2024-04-28,Belapur,H071,Quality of care,"Sir, Hospital people came to village camp and said everyone must get checked, then my mother was admitted and operated."
GR0061,2024-04-28,Devgarh,H066,Demand of money,They took money (2500) for blood test and x-ray. Is this not covered under SSY card? Kindly help us.
GR0062,2024-04-29,Kishanpur,H063,Other,"SECOND OPERATION WAS DONE WITHIN ONE MONTH, AGAIN MY CARD WAS SWIPED. PLEASE LOOK INTO THE MATTER URGENTLY."
GR0063,2024-04-30,Belapur,H071,Other,"To the officer, Hospital people came to village camp and said everyone must get checked, then my mother was admitted and operated. Please look into the matter urgently.  "
GR0064,2024-04-30,Haripur,H098,Other,"Second operation was done within one month, again my card was swiped."
GR0065,2024-04-30,Devgarh,H070,Other,"sir ji, health camp was held in the panchayat bhawan, many old people were taken for eye operation, they were sent back next day. we are poor people, please help."
GR0066,2024-04-30,Belapur,H071,Quality of care,"Sir ji, Second operation was done within one month, again my card was swiped . Contact me on 7937772595 ."
GR0067,2024-04-30,Devgarh,H070,Other,"Respected sir, Health camp was held in the panchayat bhawan, many old people were taken for eye operation, they were sent back next day. Contact me on 7327263854."
GR0068,2024-05-02,Devgarh,H066,Quality of care,"My uterus was removed at age 27, I had only small stomach pain. Now I feel weak all the time. Please look into the matter urgently."
GR0069,2024-05-02,Kishanpur,H063,Quality of care,"To the officer, Doctor visited only once in 5 days, junior staff was handling everything. Please look into the matter urgently."
GR0070,2024-05-02,Belapur,H071,Other,"To the officer, A vehicle from the hospital came to our village for a free health camp and took 5 people for operation the same day. We are poor people, please help."
GR0071,2024-05-03,Devgarh,H070,Other,"Respected sir, Doctor did operation of appendix without any test, now my son has pain and they are not attending."
GR0072,2024-05-03,Devgarh,H070,Other,"To the officer, My uterus was removed at age 32, I had only small stomach pain. Now I feel weak all the time. Please take action."
GR0073,2024-05-03,Gopalganj,H116,Other,"Sir ji, My wife is only 35 years old but they removed her uterus saying it is necessary, we were not told about any other option. Mobile no 6575033410."
GR0074,2024-05-03,Devgarh,H070,Denial of treatment,"Sir ji, We went to the hospital in emergency but they said scheme beds are full and sent us away. Please look into the matter urgently."
GR0075,2024-05-03,Devgarh,H066,Other,We were asked to pay 1000 rupees in cash before the operation . No receipt was given . Contact me on 6867346378 .  
GR0076,2024-05-03,Devgarh,H070,Other,"Health camp was held in the panchayat bhawan, many old people were taken for eye opration, they were sent back next day. Please take action."
GR0077,2024-05-03,Kishanpur,H063,Other,"Respected sir, Doctor did operation of appendix without any test, now my son has pain and they are not attending."
GR0078,2024-05-04,Haripur,H098,Other,"Respected sir, At discharge the counter asked 1000/- extra, they said card amount is finished. Contact me on 6635682060."
GR0079,2024-05-04,Gopalganj,H116,Other,"HOSPITAL STAFF DEMANDED RS 2000 FROM US FOR MEDICINES ALTHOUGH TREATMENT IS FREE UNDER THE SCHEME. WE ARE POOR PEOPLE, PLEASE HELP.  "
GR0080,2024-05-04,Gopalganj,H116,Demand of money,"Dear Sir/Madam, At discharge the counter asked 5000/- extra, they said card amount is finished. Please take action."
GR0081,2024-05-05,Kishanpur,H063,Other,"RESPECTED SIR, HOSPITAL STAFF DEMANDED RS 3000 FROM US FOR MEDICINES ALTHOUGH TREATMENT IS FREE UNDER THE SCHEME. WE ARE POOR PEOPLE, PLEASE HELP."
GR0082,2024-05-06,Belapur,H071,Demand of money,We were asked to pay 5000 rupees in cash before the opration. No receipt was given. Please take action.
GR0083,2024-05-06,Gopalganj,H116,Other,"To the officer, My uterus was removed at age 30, I had only small stomach pain . Now I feel weak all the time . Please look into the matter urgently ."
GR0084,2024-05-06,Devgarh,H066,Demand of money,Hospital staff demanded Rs 2500 from us for medicines although treatment is free under the scheme.
GR0085,2024-05-07,Kishanpur,H063,Other,"They did operation in a hurry and discharged next day, the wound has not healed and there is pus. We are poor people, please help.  "
GR0086,2024-05-07,Gopalganj,H116,Quality of care,A vehicle from the hospital came to our village for a free health camp and took 6 people for operation the same day. Please take action.
GR0087,2024-05-07,Devgarh,H066,Demand of money,"DEAR SIR/MADAM, THE DOCTOR SAID THE PACKAGE DOES NOT COVER THE MEDICINES AND TOOK RS. 1500 FROM MY FATHER."
GR0088,2024-05-07,Haripur,H098,Other,They took money (1000) for blood test and x-ray. Is this not covered under SSY card?
GR0089,2024-05-08,Gopalganj,H116,Other,"SIR, DOCTOR DID OPERATION OF APPENDIX WITHOUT ANY TEST, NOW MY SON HAS PAIN AND THEY ARE NOT ATTENDING. CONTACT ME ON 7648809372.  "
GR0090,2024-05-09,Devgarh,H066,Demand of money,"Respected sir, The doctor said the package does not cover the medicines and took Rs. 3000 from my father. Mobile no 6399974730."
GR0091,2024-05-09,Haripur,H098,Demand of money,"Sir ji, The doctor said the package does not cover the medicines and took Rs. 3000 from my father. We are poor people, please help."
GR0092,2024-05-09,Devgarh,H070,Other,"Camp ke baad hospital le gaye, opration kar diya. Nobody explained anything to us. Contact me on 9613694164.  "
GR0093,2024-05-09,Devgarh,H070,Quality of care,"Second operation was done within one month, again my card was swiped."
GR0094,2024-05-10,Belapur,H071,Other,"Sir ji, Health camp was held in the panchayat bhawan, many old people were taken for eye operation, they were sent back next day."
GR0095,2024-05-11,Belapur,H071,Other,"My wife is only 34 years old but they removed her uterus saying it is necessary, we were not told about any other option."
GR0096,2024-05-11,Haripur,H098,Demand of money,"Dear Sir/Madam, The doctor said the package does not cover the medicines and took Rs. 500 from my father. Mobile no 6598094677."
GR0097,2024-05-11,Kishanpur,H063,Other,"Sir, Agent of the hospital told villagers that free operation is available, took us in their van on Sunday. We are poor people, please help.  "
GR0098,2024-05-11,Devgarh,H066,Other,"Sir, A vehicle from the hospital came to our village for a free health camp and took 5 people for opration the same day. We are poor people, please help."
GR0099,2024-05-12,Kishanpur,H063,Quality of care,Nurses were rude and did not come at night even after calling many times.
GR0100,2024-05-12,Belapur,H071,Quality of care,"TO THE OFFICER, CAMP KE BAAD HOSPITAL LE GAYE, OPERATION KAR DIYA. NOBODY EXPLAINED ANYTHING TO US. PLEASE LOOK INTO THE MATTER URGENTLY."
GR0101,2024-05-13,Devgarh,H070,Quality of care,"Respected sir, Camp ke baad hospital le gaye, operation kar diya. Nobody explained anything to us."
GR0102,2024-05-13,Gopalganj,H116,Other,"My uterus was removed at age 26, I had only small stomach pain. Now I feel weak all the time. Mobile no 9871778793."
GR0103,2024-05-14,Haripur,H098,Other,"Sir, Camp ke baad hospital le gaye, operation kar diya. Nobody explained anything to us. Please look into the matter urgently."
GR0104,2024-05-14,Belapur,H071,Demand of money,"To the officer, They took money (1000) for blood test and x-ray. Is this not covered under SSY card?"
GR0105,2024-05-14,Haripur,H098,Other,"camp ke baad hospital le gaye, operation kar diya. nobody explained anything to us. please take action.  "
GR0106,2024-05-14,Belapur,H071,Demand of money,"Respected sir, At discharge the counter asked 1000/- extra, they said card amount is finished."
GR0107,2024-05-14,Devgarh,H070,Other,"Dear Sir/Madam, Camp ke baad hospital le gaye, operation kar diya. Nobody explained anything to us. Please look into the matter urgently."
GR0108,2024-05-15,Kishanpur,H063,Other,"Respected sir, My uterus was removed at age 26, I had only small stomach pain. Now I feel weak all the time."
GR0109,2024-05-15,Devgarh,H070,Other,"Dear Sir/Madam, My uterus was removed at age 36, I had only small stomach pain. Now I feel weak all the time. We are poor people, please help."
GR0110,2024-05-16,Devgarh,H070,Other,"At discharge the counter asked 8000/- extra, they said card amount is finished . Contact me on 9303905138 ."
GR0111,2024-05-16,Belapur,H071,Quality of care,"To the officer, My uterus was removed at age 31, I had only small stomach pain. Now I feel weak all the time."
GR0112,2024-05-16,Kishanpur,H063,Demand of money,WE WERE ASKED TO PAY 5000 RUPEES IN CASH BEFORE THE OPERATION. NO RECEIPT WAS GIVEN. KINDLY HELP US.
GR0113,2024-05-17,Belapur,H071,Quality of care,"Agent of the hospital told villagers that free operation is available, took us in their van on Sunday. Kindly help us."
GR0114,2024-05-17,Devgarh,H070,Denial of treatment,"Respected sir, Card is not accepted, staff says server is down for last 2 days. Please look into the matter urgently."
GR0115,2024-05-17,Kishanpur,H063,Quality of care,"Sir ji, Food was not given to the patient as promised under the scheme. Mobile no 6227095682."
GR0116,2024-05-18,Haripur,H098,Other,"Respected sir, My uterus was removed at age 33, I had only small stomach pain . Now I feel weak all the time . Please look into the matter urgently ."
GR0117,2024-05-19,Kishanpur,H063,Quality of care,"Dear Sir/Madam, Doctor did operation of appendix without any test, now my son has pain and they are not attending. Contact me on 6657783018."
GR0118,2024-05-19,Haripur,H098,Other,Hospital staff demanded Rs 500 from us for medicines although treatment is free under the scheme . Mobile no 8222821110 .
GR0119,2024-05-21,Devgarh,H066,Quality of care,"Respected sir, They did operation in a hurry and discharged next day, the wound has not healed and there is pus. Kindly help us."
GR0120,2024-05-21,Gopalganj,H116,Other,"My uterus was removed at age 35, I had only small stomach pain . Now I feel weak all the time ."
GR0121,2024-05-21,Belapur,H071,Quality of care,"Sir, Nurses were rude and did not come at night even after calling many times ."
GR0122,2024-05-22,Belapur,H071,Demand of money,We were asked to pay 8000 rupees in cash before the operation . No receipt was given . Kindly help us .
GR0123,2024-05-22,Haripur,H098,Other,"My uterus was removed at age 24, I had only small stomach pain . Now I feel weak all the time ."
GR0124,2024-05-22,Gopalganj,H116,Other,"To the officer, Health camp was held in the panchayat bhawan, many old people were taken for eye operation, they were sent back next day. Kindly help us."
GR0125,2024-05-22,Devgarh,H066,Demand of money,They took money (2500) for blood test and x-ray. Is this not covered under SSY card? Please take action.
GR0126,2024-05-22,Belapur,H071,Other,"To the officer, Agent of the hospitl told villagers that free operation is available, took us in their van on Sunday. We are poor people, please help."
GR0127,2024-05-22,Devgarh,H070,Delay,"Sir, Patient was not discharged for 5 days after treatment, they said approval is pending from insurance. Contact me on 9462671755."
GR0128,2024-05-23,Kishanpur,H063,Demand of money,"Sir ji, At discharge the counter asked 3000/- extra, they said card amount is finished."
GR0129,2024-05-24,Haripur,H098,Other,"The doctor said the package does not cover the medicines and took Rs. 1500 from my father. We are poor people, please help."
GR0130,2024-05-24,Gopalganj,H116,Other,a vehicle from the hospital came to our village for a free health camp and took 7 people for opration the same day. please look into the matter urgently.
GR0131,2024-05-24,Kishanpur,H063,Other,"Sir, Health camp was held in the panchayat bhawan, many old people were taken for eye operation, they were sent back next day. Kindly help us."
GR0132,2024-05-24,Kishanpur,H063,Delay,"Sir ji, Claim is pending and hospital is asking us to wait, my father is still in ward . Mobile no 8897713932 ."
GR0133,2024-05-25,Belapur,H071,Other,"Respected sir, They took money (2000) for blood test and x-ray . Is this not covered under SSY card? Kindly help us .  "
GR0134,2024-05-26,Belapur,H071,Other,"Respected sir, My wife is only 32 years old but they removed her uterus saying it is necessary, we were not told about any other option. We are poor people, please help."
GR0135,2024-05-26,Devgarh,H066,Demand of money,"Sir, Hospital staff demanded Rs 2500 from us for medicines although treatment is free under the scheme. Please look into the matter urgently."
GR0136,2024-05-26,Gopalganj,H116,Demand of money,They took money (1500) for blood test and x-ray. Is this not covered under SSY card? Please look into the matter urgently.  
GR0137,2024-05-26,Haripur,H098,Other,"Respected sir, Doctor visited only once in 7 days, junior staff was handling everything. Contact me on 9346960770."
GR0138,2024-05-26,Devgarh,H070,Demand of money,"Dear Sir/Madam, We were asked to pay 500 rupees in cash before the operation . No receipt was given . Please take action ."
GR0139,2024-05-26,Devgarh,H070,Other,"Sir, We were asked to pay 500 rupees in cash before the operation. No receipt was given. Contact me on 9087116289."
GR0140,2024-05-27,Haripur,H098,Other,WE WERE ASKED TO PAY 1500 RUPEES IN CASH BEFORE THE OPERATION. NO RECEIPT WAS GIVEN.
GR0141,2024-05-28,Devgarh,H070,Demand of money,"Sir, Hospital staff demanded Rs 2500 from us for medicines although treatment is free under the scheme."
GR0142,2024-05-28,Devgarh,H070,Other,"Respected sir, Hospital people came to village camp and said everyone must get checked, then my mother was admitted and operated. Kindly help us."
GR0143,2024-05-28,Haripur,H098,Quality of care,"Sir ji, Camp ke baad hospital le gaye, operation kar diya. Nobody explained anything to us. We are poor people, please help."
GR0144,2024-05-28,Belapur,H071,Other,"Respected sir, A vehicle from the hospital came to our village for a free health camp and took 7 people for operation the same day. Mobile no 6079482255."
GR0145,2024-05-29,Haripur,H098,Demand of money,"Dear Sir/Madam, We were asked to pay 500 rupees in cash before the operation. No receipt was given. Please look into the matter urgently."
GR0146,2024-05-29,Devgarh,H070,Other,"Doctor did operation of appendix without any test, now my son has pain and they are not attending. Mobile no 9967271658."
GR0147,2024-05-30,Kishanpur,H063,Other,"To the officer, Second operation was done within one month, again my card was swiped."
GR0148,2024-05-30,Belapur,H071,Other,"Respected sir, They did opration in a hurry and discharged next day, the wound has not healed and there is pus. Mobile no 9742220521."
GR0149,2024-05-30,Devgarh,H066,Other,"To the officer, Agent of the hospital told villagers that free operation is available, took us in their van on Sunday. Please take action."
GR0150,2024-05-31,Haripur,H098,Demand of money,"To the officer, At discharge the counter asked 8000/- extra, they said card amount is finished. Contact me on 8669167643."
GR0151,2024-06-01,Devgarh,H070,Card/eligibility,"Sir ji, We went to the hospital in emergency but they said scheme beds are full and sent us away. Contact me on 6991806409.  "
GR0152,2024-06-02,Kishanpur,H063,Other,"sir ji, a vehicle from the hospital came to our village for a free health camp and took 9 people for opration the same day."
GR0153,2024-06-02,Belapur,H071,Quality of care,"Respected sir, Doctor did operation of appendix without any test, now my son has pain and they are not attending. Contact me on 8224520626."
GR0154,2024-06-02,Gopalganj,H116,Demand of money,We were asked to pay 3000 rupees in cash before the operation. No receipt was given.
GR0155,2024-06-03,Haripur,H098,Quality of care,"Dear Sir/Madam, Nurses were rude and did not come at night even after calling many times. Mobile no 8801777890."
GR0156,2024-06-03,Kishanpur,H063,Card/eligibility,"Sir, Hospital refused to admit my father saying SSY card is not valid, though card is active. Please look into the matter urgently."
GR0157,2024-06-04,Devgarh,H066,Quality of care,"My uterus was removed at age 32, I had only small stomach pain. Now I feel weak all the time. Please look into the matter urgently.  "
GR0158,2024-06-04,Haripur,H098,Quality of care,"To the officer, My wife is only 36 years old but they removed her uterus saying it is necessary, we were not told about any other option . We are poor people, please help ."
GR0159,2024-06-04,Belapur,H071,Other,"To the officer, My wife is only 32 years old but they removed her uterus saying it is necessary, we were not told about any other option. Kindly help us."
GR0160,2024-06-05,Gopalganj,H116,Other,"Sir ji, Doctor did operation of appendix without any test, now my son has pain and they are not attending. Contact me on 9521411500."
GR0161,2024-06-06,Belapur,H071,Other,"Respected sir, Doctor did operation of appendix without any test, now my son has pain and they are not attending. Please take action."
GR0162,2024-06-06,Devgarh,H066,Quality of care,"Sir ji, Hospital people came to village camp and said everyone must get checked, then my mother was admitted and operated ."
GR0163,2024-06-06,Haripur,H098,Other,"Respected sir, Hospital staff demanded Rs 1000 from us for medicines although treatment is free under the scheme. Contact me on 7024830615."
GR0164,2024-06-07,Gopalganj,H116,Other,"Hospital people came to village camp and said everyone must get checked, then my mother was admitted and operated. Please look into the matter urgently."
GR0165,2024-06-07,Haripur,H098,Other,"HEALTH CAMP WAS HELD IN THE PANCHAYAT BHAWAN, MANY OLD PEOPLE WERE TAKEN FOR EYE OPERATION, THEY WERE SENT BACK NEXT DAY. KINDLY HELP US."
GR0166,2024-06-08,Devgarh,H070,Other,They took money (2500) for blood test and x-ray. Is this not covered under SSY card?
GR0167,2024-06-08,Devgarh,H066,Other,"Sir, Hospital staff demanded Rs 3000 from us for medicines although treatment is free under the scheme."
GR0168,2024-06-08,Kishanpur,H063,Other,"Sir, Agent of the hospital told villagers that free operation is available, took us in their van on Sunday."
GR0169,2024-06-09,Devgarh,H070,Card/eligibility,"Sir, Card is not accepted, staff says server is down for last 9 days. Contact me on 6991426472."
GR0170,2024-06-10,Devgarh,H070,Other,"Health camp was held in the panchayat bhawan, many old people were taken for eye operation, they were sent back next day.  "
GR0171,2024-06-10,Belapur,H071,Demand of money,"Sir ji, At discharge the counter asked 500/- extra, they said card amount is finished. Contact me on 6737925809.  "
GR0172,2024-06-12,Belapur,H071,Other,"Sir, We were asked to pay 2000 rupees in cash before the operation. No receipt was given."
GR0173,2024-06-12,Kishanpur,H063,Quality of care,"SIR JI, WARD WAS DIRTY AND TOILETS WERE NOT CLEANED, NO DRINKING WATER FOR PATIENTS. PLEASE LOOK INTO THE MATTER URGENTLY."
GR0174,2024-06-13,Belapur,H071,Demand of money,"Sir ji, They took money (500) for blood test and x-ray . Is this not covered under SSY card?"
GR0175,2024-06-13,Gopalganj,H116,Demand of money,"Respected sir, The doctor said the package does not cover the medicines and took Rs. 8000 from my father. Kindly help us."
GR0176,2024-06-13,Gopalganj,H116,Quality of care,"Sir ji, Agent of the hospital told villagers that free operation is available, took us in their van on Sunday. Please take action."
GR0177,2024-06-14,Devgarh,H070,Other,"Sir, We were asked to pay 500 rupees in cash before the operation. No receipt was given. Mobile no 8544968644."
GR0178,2024-06-14,Kishanpur,H063,Demand of money,"To the officer, Hospital staff demanded Rs 500 from us for medicines although treatment is free under the scheme."
GR0179,2024-06-14,Devgarh,H070,Other,"To the officer, Health camp was held in the panchayat bhawan, many old people were taken for eye operation, they were sent back next day. Mobile no 8100623201."
GR0180,2024-06-14,Haripur,H098,Other,"Dear Sir/Madam, Second operation was done within one month, again my card was swiped . Contact me on 7893601517 ."
GR0181,2024-06-14,Gopalganj,H116,Delay,"Dear Sir/Madam, Patient was not discharged for 9 days after treatment, they said approval is pending from insurance. We are poor people, please help."
GR0182,2024-06-15,Devgarh,H066,Other,"Hospital staff demanded Rs 8000 from us for medicines although treatment is free under the scheme. We are poor people, please help."
GR0183,2024-06-15,Gopalganj,H116,Quality of care,"RESPECTED SIR, MY WIFE IS ONLY 25 YEARS OLD BUT THEY REMOVED HER UTERUS SAYING IT IS NECESSARY, WE WERE NOT TOLD ABOUT ANY OTHER OPTION."
GR0184,2024-06-15,Gopalganj,H116,Demand of money,"Sir, We were asked to pay 1000 rupees in cash before the operation. No receipt was given. Please look into the matter urgently.  "
GR0185,2024-06-16,Devgarh,H066,Quality of care,"Respected sir, Hospital people came to village camp and said everyone must get checked, then my mother was admitted and operated."
GR0186,2024-06-17,Devgarh,H066,Demand of money,"respected sir, at discharge the counter asked 8000/- extra, they said card amount is finished. mobile no 9146407206."
GR0187,2024-06-17,Kishanpur,H063,Quality of care,"To the officer, Doctor did operation of appendix without any test, now my son has pain and they are not attending. Please look into the matter urgently."
GR0188,2024-06-17,Devgarh,H066,Other,a vehicle from the hospital came to our village for a free health camp and took 3 people for operation the same day . mobile no 7903761904 .
GR0189,2024-06-18,Kishanpur,H063,Demand of money,"Respected sir, Hospital staff demanded Rs 2000 from us for medicines although treatment is free under the scheme."
GR0190,2024-06-19,Belapur,H071,Demand of money,"Dear Sir/Madam, They took money (8000) for blood test and x-ray. Is this not covered under SSY card? Kindly help us."
GR0191,2024-06-19,Belapur,H071,Delay,"RESPECTED SIR, CLAIM IS PENDING AND HOSPITAL IS ASKING US TO WAIT, MY FATHER IS STILL IN WARD . PLEASE TAKE ACTION ."
GR0192,2024-06-19,Haripur,H098,Other,"Sir, Agent of the hospital told villagers that free operation is available, took us in their van on Sunday. Please take action.  "
GR0193,2024-06-20,Belapur,H071,Other,"Dear Sir/Madam, At discharge the counter asked 1000/- extra, they said card amount is finished. Mobile no 8162291123."
GR0194,2024-06-21,Devgarh,H070,Other,A vehicle from the hospitl came to our village for a free health camp and took 9 people for operation the same day. Mobile no 8973139794.
GR0195,2024-06-22,Kishanpur,H063,Other,"Sir, Doctor did operation of appendix without any test, now my son has pain and they are not attending. Kindly help us."
GR0196,2024-06-22,Belapur,H071,Quality of care,"To the officer, Doctor did operation of appendix without any test, now my son has pain and they are not attending. Contact me on 7335021919."
GR0197,2024-06-23,Devgarh,H066,Quality of care,"Hospital people came to village camp and said everyone must get checked, then my mother was admitted and operated. Please take action."
GR0198,2024-06-23,Devgarh,H066,Other,"Sir ji, My uterus was removed at age 34, I had only small stomach pain. Now I feel weak all the time."
GR0199,2024-06-23,Kishanpur,H063,Quality of care,Nurses were rude and did not come at night even after calling many times. Please take action.
GR0200,2024-06-23,Devgarh,H066,Quality of care,"Respected sir, Hospital people came to village camp and said everyone must get checked, then my mother was admitted and operated. We are poor people, please help."
GR0201,2024-06-24,Belapur,H071,Other,"Sir ji, Second operation was done within one month, again my card was swiped. Please take action."
GR0202,2024-06-24,Haripur,H098,Other,"sir ji, doctor did operation of appendix without any test, now my son has pain and they are not attending. contact me on 9813644725."
GR0203,2024-06-25,Gopalganj,H116,Quality of care,"Respected sir, My wife is only 34 years old but they removed her uterus saying it is necessary, we were not told about any other option. Please take action.  "
GR0204,2024-06-25,Kishanpur,H063,Quality of care,"Sir, Camp ke baad hospital le gaye, operation kar diya. Nobody explained anything to us. We are poor people, please help."
GR0205,2024-06-25,Devgarh,H066,Denial of treatment,"To the officer, Card is not accepted, staff says server is down for last 6 days. Please take action."
GR0206,2024-06-26,Belapur,H071,Denial of treatment,"Hospital refused to admit my father saying SSY card is not valid, though card is active. Kindly help us."
GR0207,2024-06-27,Kishanpur,H063,Quality of care,"DOCTOR DID OPERATION OF APPENDIX WITHOUT ANY TEST, NOW MY SON HAS PAIN AND THEY ARE NOT ATTENDING."
GR0208,2024-06-27,Devgarh,H070,Demand of money,"sir, they took money (500) for blood test and x-ray. is this not covered under ssy card? kindly help us."
GR0209,2024-06-27,Gopalganj,H116,Other,"Sir ji, Agent of the hospital told villagers that free operation is available, took us in their van on Sunday. We are poor people, please help."
GR0210,2024-06-28,Gopalganj,H116,Other,"Second operation was done within one month, again my card was swiped."
GR0211,2024-06-28,Devgarh,H070,Other,"Sir, Agent of the hospital told villagers that free operation is available, took us in their van on Sunday. We are poor people, please help."
GR0212,2024-06-29,Kishanpur,H063,Demand of money,"sir, the doctor said the package does not cover the medicines and took rs. 500 from my father."
GR0213,2024-06-29,Belapur,H071,Quality of care,"Second operation was done within one month, again my card was swiped. Kindly help us."
GR0214,2024-06-29,Kishanpur,H063,Quality of care,"Dear Sir/Madam, My wife is only 33 years old but they removed her uterus saying it is necessary, we were not told about any other option. Please take action."
GR0215,2024-06-29,Belapur,H071,Quality of care,"My uterus was removed at age 36, I had only small stomach pain. Now I feel weak all the time."
GR0216,2024-06-29,Haripur,H098,Quality of care,"Respected sir, They did operation in a hurry and discharged next day, the wound has not healed and there is pus. Mobile no 8642728035."
GR0217,2024-06-29,Haripur,H098,Other,"Sir, Health camp was held in the panchayat bhawan, many old people were taken for eye operation, they were sent back next day. Please look into the matter urgently."
GR0218,2024-06-30,Kishanpur,H063,Other,"DEAR SIR/MADAM, A VEHICLE FROM THE HOSPITAL CAME TO OUR VILLAGE FOR A FREE HEALTH CAMP AND TOOK 6 PEOPLE FOR OPERATION THE SAME DAY .  "
GR0219,2024-07-01,Kishanpur,H063,Other,"TO THE OFFICER, AGENT OF THE HOSPITAL TOLD VILLAGERS THAT FREE OPERATION IS AVAILABLE, TOOK US IN THEIR VAN ON SUNDAY. MOBILE NO 8754506357."
GR0220,2024-07-01,Devgarh,H066,Quality of care,A VEHICLE FROM THE HOSPITAL CAME TO OUR VILLAGE FOR A FREE HEALTH CAMP AND TOOK 4 PEOPLE FOR OPERATION THE SAME DAY. MOBILE NO 6272193096.
GR0221,2024-07-02,Amarpur,H057,Delay,"Sir, Patient was not discharged for 4 days after treatment, they said approval is pending from insurance."
GR0222,2024-07-02,Gopalganj,H032,Denial of treatment,"Dear Sir/Madam, We went to the hospital in emergency but they said scheme beds are full and sent us away."
GR0223,2024-07-02,Kishanpur,H056,Other,"Respected sir, Nurses were rude and did not come at night even after calling many times. Please look into the matter urgently."
GR0224,2024-07-03,Gopalganj,H067,Quality of care,"To the officer, Ward was dirty and toilets were not cleaned, no drinking water for patients. Please look into the matter urgently.  "
GR0225,2024-07-03,Belapur,H058,Denial of treatment,We went to the hospital in emergency but they said scheme beds are full and sent us away. Contact me on 8050259099.
GR0226,2024-07-03,Amarpur,H003,Denial of treatment,"Hospital refused to admit my father saying SSY card is not valid, though card is active."
GR0227,2024-07-03,Haripur,H042,Other,"At discharge the counter asked 1000/- extra, they said card amount is finished . Mobile no 6207438569 ."
GR0228,2024-07-04,Fatehpur,H055,Quality of care,"Doctor visited only once in 4 days, junior staff was handling everything. Mobile no 6380536696."
GR0229,2024-07-04,Chandpur,H062,Quality of care,"TO THE OFFICER, NURSES WERE RUDE AND DID NOT COME AT NIGHT EVEN AFTER CALLING MANY TIMES."
GR0230,2024-07-05,Gopalganj,H035,Card/eligibility,"Dear Sir/Madam, Card is not accepted, staff says server is down for last 7 days . We are poor people, please help ."
GR0231,2024-07-06,Amarpur,H107,Delay,"SIR JI, PATIENT WAS NOT DISCHARGED FOR 6 DAYS AFTER TREATMENT, THEY SAID APPROVAL IS PENDING FROM INSURANCE."
GR0232,2024-07-06,Gopalganj,H032,Delay,"Patient was not discharged for 4 days after treatment, they said approval is pending from insurance. Contact me on 7714795755."
GR0233,2024-07-07,Fatehpur,H120,Other,"PRE-AUTHORISATION WAS NOT GIVEN FOR 6 DAYS AND OPERATION WAS DELAYED. WE ARE POOR PEOPLE, PLEASE HELP.  "
GR0234,2024-07-07,Devgarh,H099,Denial of treatment,"RESPECTED SIR, CARD IS NOT ACCEPTED, STAFF SAYS SERVER IS DOWN FOR LAST 8 DAYS.  "
GR0235,2024-07-07,Gopalganj,H034,Quality of care,"Sir, Doctor visited only once in 3 days, junior staff was handling everything. Mobile no 8668206601."
GR0236,2024-07-07,Amarpur,H107,Denial of treatment,We went to the hospital in emergency but they said scheme beds are full and sent us away. Contact me on 7940814872.  
GR0237,2024-07-08,Devgarh,H094,Delay,"TO THE OFFICER, CLAIM IS PENDING AND HOSPITAL IS ASKING US TO WAIT, MY FATHER IS STILL IN WARD. PLEASE TAKE ACTION."
GR0238,2024-07-08,Gopalganj,H033,Denial of treatment,"Dear Sir/Madam, We went to the hospital in emergency but they said scheme beds are full and sent us away."
GR0239,2024-07-08,Belapur,H012,Quality of care,"Respected sir, Ward was dirty and toilets were not cleaned, no drinking water for patients. Contact me on 9928024509."
GR0240,2024-07-08,Haripur,H039,Other,"Sir ji, Pre-authorisation was not given for 5 days and operation was delayed. Mobile no 6804219481."
GR0241,2024-07-08,Devgarh,H099,Denial of treatment,"Hospital refused to admit my father saying SSY card is not valid, though card is active. Please take action."
GR0242,2024-07-09,Amarpur,H001,Quality of care,"Sir, Doctor visited only once in 8 days, junior staff was handling everything. Please take action."
GR0243,2024-07-09,Amarpur,H118,Other,"Respected sir, Patient was not discharged for 7 days after treatment, they said approval is pending from insurance. Mobile no 6407692313."
GR0244,2024-07-10,Devgarh,H099,Delay,"sir, claim is pending and hospital is asking us to wait, my father is still in ward.  "
GR0245,2024-07-10,Devgarh,H117,Other,"Sir ji, Nurses were rude and did not come at night even after calling many times. Please take action."
GR0246,2024-07-11,Kishanpur,H082,Other,"Respected sir, Ward was dirty and toilets were not cleaned, no drinking water for patients."
GR0247,2024-07-11,Amarpur,H100,Other,"Claim is pending and hospital is asking us to wait, my father is still in ward."
GR0248,2024-07-12,Amarpur,H054,Delay,"Dear Sir/Madam, Claim is pending and hospital is asking us to wait, my father is still in ward ."
GR0249,2024-07-14,Haripur,H041,Card/eligibility,"Dear Sir/Madam, We went to the hospital in emergency but they said scheme beds are full and sent us away. Contact me on 8462926004.  "
GR0250,2024-07-15,Belapur,H058,Quality of care,"Food was not given to the patient as promised under the scheme. We are poor people, please help."
GR0251,2024-07-15,Belapur,H009,Other,"Respected sir, Claim is pending and hospitl is asking us to wait, my father is still in ward . Please take action ."
GR0252,2024-07-16,Belapur,H049,Denial of treatment,"Sir, Hospital refused to admit my father saying SSY card is not valid, though card is active. Kindly help us."
GR0253,2024-07-16,Belapur,H059,Denial of treatment,"Sir ji, They refused treatment saying this disease is not in package list . Kindly help us .  "
GR0254,2024-07-16,Chandpur,H013,Other,The doctor said the package does not cover the medicines and took Rs. 2000 from my father. Please take action.
GR0255,2024-07-16,Fatehpur,H101,Quality of care,"Ward was dirty and toilets were not cleaned, no drinking water for patients."
GR0256,2024-07-17,Fatehpur,H028,Denial of treatment,"Sir, Card is not accepted, staff says server is down for last 8 days."
GR0257,2024-07-17,Kishanpur,H073,Other,Nurses were rude and did not come at night even after calling many times. Please look into the matter urgently.
GR0258,2024-07-18,Fatehpur,H028,Card/eligibility,"SIR JI, WE WENT TO THE HOSPITAL IN EMERGENCY BUT THEY SAID SCHEME BEDS ARE FULL AND SENT US AWAY. PLEASE LOOK INTO THE MATTER URGENTLY."
GR0259,2024-07-19,Kishanpur,H048,Delay,"Dear Sir/Madam, Patient was not discharged for 2 days after treatment, they said approval is pending from insurance. Please take action.  "
GR0260,2024-07-20,Devgarh,H024,Quality of care,Nurses were rude and did not come at night even after calling many times. Contact me on 9855093623.
GR0261,2024-07-20,Gopalganj,H067,Delay,"Sir, Pre-authorisation was not given for 5 days and operation was delayed."
GR0262,2024-07-20,Haripur,H039,Delay,"Sir ji, Patient was not discharged for 6 days after treatment, they said approval is pending from insurance. Please take action."
GR0263,2024-07-20,Fatehpur,H064,Delay,"Patient was not discharged for 2 days after treatment, they said approval is pending from insurance. Contact me on 8833417676."
GR0264,2024-07-21,Fatehpur,H030,Other,Food was not given to the patient as promised under the scheme.
GR0265,2024-07-22,Kishanpur,H045,Denial of treatment,"Dear Sir/Madam, We went to the hospital in emergency but they said scheme beds are full and sent us away. Kindly help us."
GR0266,2024-07-22,Chandpur,H076,Card/eligibility,"SIR, THEY REFUSED TREATMENT SAYING THIS DISEASE IS NOT IN PACKAGE LIST. PLEASE TAKE ACTION."
GR0267,2024-07-22,Chandpur,H013,Other,"To the officer, Patient was not discharged for 9 days after treatment, they said approval is pending from insurance. Please take action."
GR0268,2024-07-23,Amarpur,H006,Quality of care,"Sir, My uterus was removed at age 33, I had only small stomach pain. Now I feel weak all the time. Please look into the matter urgently."
GR0269,2024-07-23,Amarpur,H109,Card/eligibility,"They refused treatment saying this disease is not in package list. We are poor people, please help."
GR0270,2024-07-23,Devgarh,H103,Other,"Claim is pending and hospital is asking us to wait, my father is still in ward. We are poor people, please help."
GR0271,2024-07-24,Haripur,H040,Other,They took money (2500) for blood test and x-ray. Is this not covered under SSY card?
GR0272,2024-07-24,Belapur,H068,Delay,"sir ji, claim is pending and hospital is asking us to wait, my father is still in ward."
GR0273,2024-07-24,Amarpur,H080,Other,"DEAR SIR/MADAM, HOSPITAL STAFF DEMANDED RS 2500 FROM US FOR MEDICINES ALTHOUGH TREATMENT IS FREE UNDER THE SCHEME. WE ARE POOR PEOPLE, PLEASE HELP."
GR0274,2024-07-25,Chandpur,H017,Quality of care,"Sir ji, Food was not given to the patient as promised under the scheme. Mobile no 6058625810."
GR0275,2024-07-25,Kishanpur,H045,Other,"TO THE OFFICER, MY UTERUS WAS REMOVED AT AGE 29, I HAD ONLY SMALL STOMACH PAIN . NOW I FEEL WEAK ALL THE TIME . CONTACT ME ON 9998307498 ."
GR0276,2024-07-25,Chandpur,H087,Delay,"Sir, Pre-authorisation was not given for 2 days and operation was delayed."
GR0277,2024-07-26,Fatehpur,H029,Card/eligibility,"Sir ji, Card is not accepted, staff says server is down for last 8 days. Mobile no 9344277348."
GR0278,2024-07-26,Amarpur,H115,Quality of care,"Respected sir, Doctor visited only once in 7 days, junior staff was handling everything."
GR0279,2024-07-27,Devgarh,H090,Demand of money,We were asked to pay 8000 rupees in cash before the operation. No receipt was given. Please look into the matter urgently.
GR0280,2024-07-27,Chandpur,H013,Quality of care,"Ward was dirty and toilets were not cleaned, no drinking water for patients."
GR0281,2024-07-27,Belapur,H012,Demand of money,"Respected sir, At discharge the counter asked 3000/- extra, they said card amount is finished . Kindly help us ."
GR0282,2024-07-28,Fatehpur,H055,Quality of care,"Respected sir, Doctor did operation of appendix without any test, now my son has pain and they are not attending. Contact me on 9231457725."
GR0283,2024-07-29,Belapur,H068,Other,"Sir, Patient was not discharged for 8 days after treatment, they said approval is pending from insurance. Kindly help us."
GR0284,2024-07-29,Amarpur,H100,Delay,Pre-authorisation was not given for 4 days and operation was delayed.
GR0285,2024-07-29,Devgarh,H019,Demand of money,"sir ji, the doctor said the package does not cover the medicines and took rs. 5000 from my father. contact me on 8993467839."
GR0286,2024-07-29,Amarpur,H105,Demand of money,"Sir, The doctor said the package does not cover the medicines and took Rs. 1500 from my father. Please take action."
GR0287,2024-07-30,Haripur,H060,Delay,"Respected sir, Pre-authorisation was not given for 6 days and opration was delayed. We are poor people, please help."
GR0288,2024-07-31,Devgarh,H022,Delay,"Respected sir, Claim is pending and hospital is asking us to wait, my father is still in ward . Please take action ."
GR0289,2024-07-31,Amarpur,H105,Denial of treatment,"Card is not accepted, staff says server is down for last 3 days. Mobile no 8528991410."
GR0290,2024-07-31,Chandpur,H016,Other,"Dear Sir/Madam, Nurses were rude and did not come at night even after calling many times."
GR0291,2024-07-31,Devgarh,H019,Other,"At discharge the counter asked 3000/- extra, they said card amount is finished."
GR0292,2024-07-31,Amarpur,H006,Delay,"Dear Sir/Madam, Pre-authorisation was not given for 7 days and operation was delayed. Contact me on 7674097961."
GR0293,2024-07-31,Amarpur,H057,Delay,"Sir, Pre-authorisation was not given for 2 days and operation was delayed . Please look into the matter urgently ."
GR0294,2024-08-01,Haripur,H091,Other,"Respected sir, Doctor visited only once in 6 days, junior staff was handling everything."
GR0295,2024-08-02,Kishanpur,H083,Denial of treatment,"Hospital refused to admit my father saying SSY card is not valid, though card is active. Please look into the matter urgently.  "
GR0296,2024-08-03,Fatehpur,H029,Other,"To the officer, My wife is only 24 years old but they removed her uterus saying it is necessary, we were not told about any other option . Please take action ."
GR0297,2024-08-04,Gopalganj,H079,Other,Pre-authorisation was not given for 7 days and operation was delayed. Please look into the matter urgently.
GR0298,2024-08-04,Chandpur,H013,Demand of money,"Respected sir, They took money (8000) for blood test and x-ray. Is this not covered under SSY card? Kindly help us."
GR0299,2024-08-04,Kishanpur,H082,Denial of treatment,WE WENT TO THE HOSPITAL IN EMERGENCY BUT THEY SAID SCHEME BEDS ARE FULL AND SENT US AWAY. CONTACT ME ON 7964875815.  
GR0300,2024-08-05,Fatehpur,H120,Denial of treatment,"Hospital refused to admit my father saying SSY card is not valid, though card is active. Contact me on 6167809913."
GR0301,2024-08-06,Belapur,H007,Demand of money,"SIR JI, THE DOCTOR SAID THE PACKAGE DOES NOT COVER THE MEDICINES AND TOOK RS . 1500 FROM MY FATHER . WE ARE POOR PEOPLE, PLEASE HELP ."
GR0302,2024-08-07,Chandpur,H113,Other,"sir, a vehicle from the hospital came to our village for a free health camp and took 8 people for operation the same day ."
GR0303,2024-08-08,Kishanpur,H048,Quality of care,"Dear Sir/Madam, Doctor visited only once in 3 days, junior staff was handling everything. Please look into the matter urgently."
GR0304,2024-08-09,Belapur,H059,Demand of money,"sir ji, we were asked to pay 1500 rupees in cash before the operation. no receipt was given. contact me on 9069741216."
GR0305,2024-08-11,Gopalganj,H034,Card/eligibility,"sir ji, we went to the hospital in emergency but they said scheme beds are full and sent us away. we are poor people, please help."
GR0306,2024-08-11,Chandpur,H015,Denial of treatment,They refused treatment saying this disease is not in package list. Please look into the matter urgently.
GR0307,2024-08-11,Fatehpur,H030,Card/eligibility,"Sir ji, Card is not accepted, staff says server is down for last 3 days. Please take action.  "
GR0308,2024-08-12,Devgarh,H021,Other,"sir, nurses were rude and did not come at night even after calling many times. please look into the matter urgently."
GR0309,2024-08-12,Belapur,H068,Other,"TO THE OFFICER, MY WIFE IS ONLY 35 YEARS OLD BUT THEY REMOVED HER UTERUS SAYING IT IS NECESSARY, WE WERE NOT TOLD ABOUT ANY OTHER OPTION. CONTACT ME ON 7076532963."
GR0310,2024-08-13,Belapur,H012,Other,"Sir ji, Food was not given to the patient as promised under the scheme. Mobile no 6571259867."
GR0311,2024-08-14,Devgarh,H085,Quality of care,"Dear Sir/Madam, Nurses were rude and did not come at night even after calling many times."
GR0312,2024-08-14,Fatehpur,H050,Denial of treatment,"Sir, We went to the hospital in emergency but they said scheme beds are full and sent us away. Kindly help us."
GR0313,2024-08-15,Devgarh,H052,Delay,"patient was not discharged for 7 days after treatment, they said approval is pending from insurance ."
GR0314,2024-08-15,Fatehpur,H025,Denial of treatment,"Dear Sir/Madam, We went to the hospital in emergency but they said scheme beds are full and sent us away. Please look into the matter urgently."
GR0315,2024-08-15,Gopalganj,H031,Other,"Dear Sir/Madam, Doctor visited only once in 8 days, junior staff was handling everything. Mobile no 6926911287.  "
GR0316,2024-08-16,Belapur,H059,Denial of treatment,"Dear Sir/Madam, Card is not accepted, staff says server is down for last 6 days. Kindly help us."
GR0317,2024-08-16,Amarpur,H057,Quality of care,food was not given to the patient as promised under the scheme . kindly help us .
GR0318,2024-08-16,Kishanpur,H083,Card/eligibility,"Sir ji, Hospital refused to admit my father saying SSY card is not valid, though card is active.  "
GR0319,2024-08-17,Devgarh,H081,Delay,"Sir, Patient was not discharged for 5 days after treatment, they said approval is pending from insurance. Contact me on 7905842607.  "
GR0320,2024-08-17,Amarpur,H109,Denial of treatment,"Sir, Hospital refused to admit my father saying SSY card is not valid, though card is active . Mobile no 6832069835 ."
GR0321,2024-08-17,Gopalganj,H035,Quality of care,"Sir, Ward was dirty and toilets were not cleaned, no drinking water for patients. Contact me on 6645241778."
GR0322,2024-08-18,Devgarh,H097,Denial of treatment,"Sir ji, They refused treatment saying this disease is not in package list . Please look into the matter urgently ."
GR0323,2024-08-19,Fatehpur,H050,Denial of treatment,"sir, we went to the hospital in emergency but they said scheme beds are full and sent us away. please take action."
GR0324,2024-08-19,Devgarh,H117,Other,"Sir, Patient was not discharged for 6 days after treatment, they said approval is pending from insurance. Mobile no 9740289939."
GR0325,2024-08-19,Haripur,H091,Quality of care,"Dear Sir/Madam, Doctor visited only once in 8 days, junior staff was handling everything. Kindly help us.  "
GR0326,2024-08-20,Devgarh,H024,Denial of treatment,"To the officer, They refused treatment saying this disease is not in package list. Please look into the matter urgently."
GR0327,2024-08-21,Gopalganj,H067,Other,"Sir ji, Doctor did operation of appendix without any test, now my son has pain and they are not attending. We are poor people, please help.  "
GR0328,2024-08-23,Kishanpur,H045,Quality of care,"DEAR SIR/MADAM, NURSES WERE RUDE AND DID NOT COME AT NIGHT EVEN AFTER CALLING MANY TIMES."
GR0329,2024-08-23,Fatehpur,H029,Other,"TO THE OFFICER, AT DISCHARGE THE COUNTER ASKED 1500/- EXTRA, THEY SAID CARD AMOUNT IS FINISHED."
GR0330,2024-08-23,Amarpur,H115,Denial of treatment,"Respected sir, Hospital refused to admit my father saying SSY card is not valid, though card is active. Contact me on 9233759941."
GR0331,2024-08-23,Amarpur,H093,Demand of money,"sir ji, we were asked to pay 2500 rupees in cash before the opration. no receipt was given. please look into the matter urgently."
GR0332,2024-08-24,Belapur,H009,Other,"TO THE OFFICER, PRE-AUTHORISATION WAS NOT GIVEN FOR 6 DAYS AND OPERATION WAS DELAYED."
GR0333,2024-08-24,Chandpur,H016,Other,"Dear Sir/Madam, Pre-authorisation was not given for 5 days and operation was delayed."
GR0334,2024-08-24,Fatehpur,H064,Quality of care,"SIR, CAMP KE BAAD HOSPITAL LE GAYE, OPERATION KAR DIYA. NOBODY EXPLAINED ANYTHING TO US. MOBILE NO 6104103273."
GR0335,2024-08-24,Belapur,H012,Card/eligibility,"Dear Sir/Madam, They refused treatment saying this disease is not in package list."
GR0336,2024-08-24,Belapur,H068,Other,"To the officer, Claim is pending and hospital is asking us to wait, my father is still in ward. Contact me on 9955108549."
GR0337,2024-08-24,Kishanpur,H073,Denial of treatment,"Dear Sir/Madam, Hospital refused to admit my father saying SSY card is not valid, though card is active. Please take action."
GR0338,2024-08-25,Haripur,H038,Demand of money,"Dear Sir/Madam, At discharge the counter asked 3000/- extra, they said card amount is finished. Kindly help us."
GR0339,2024-08-25,Fatehpur,H050,Quality of care,"Dear Sir/Madam, Ward was dirty and toilets were not cleaned, no drinking water for patients. We are poor people, please help."
GR0340,2024-08-25,Gopalganj,H079,Other,"Sir, Doctor visited only once in 3 days, junior staff was handling everything. Mobile no 6572839017."
GR0341,2024-08-27,Belapur,H069,Demand of money,"respected sir, at discharge the counter asked 5000/- extra, they said card amount is finished. contact me on 9773184269."
GR0342,2024-08-28,Fatehpur,H030,Other,"To the officer, Claim is pending and hospital is asking us to wait, my father is still in ward. Please take action."
GR0343,2024-08-28,Devgarh,H099,Denial of treatment,"Hospital refused to admit my father saying SSY card is not valid, though card is active. Mobile no 9499798602."
GR0344,2024-08-29,Chandpur,H018,Denial of treatment,"Dear Sir/Madam, We went to the hospital in emergency but they said scheme beds are full and sent us away."
GR0345,2024-08-29,Gopalganj,H110,Other,Pre-authorisation was not given for 5 days and operation was delayed.
GR0346,2024-08-29,Chandpur,H104,Quality of care,"Respected sir, Doctor visited only once in 8 days, junior staff was handling everything. Kindly help us."
GR0347,2024-08-29,Kishanpur,H083,Other,"respected sir, pre-authorisation was not given for 8 days and operation was delayed . please look into the matter urgently ."
GR0348,2024-08-29,Devgarh,H097,Card/eligibility,We went to the hospital in emergency but they said scheme beds are full and sent us away. Please look into the matter urgently.  
GR0349,2024-08-30,Belapur,H009,Other,"Respected sir, Hospital people came to village camp and said everyone must get checked, then my mother was admitted and operated ."
GR0350,2024-08-30,Chandpur,H087,Demand of money,We were asked to pay 2000 rupees in cash before the operation. No receipt was given. Please take action.
GR0351,2024-08-30,Fatehpur,H028,Delay,"Dear Sir/Madam, Patient was not discharged for 4 days after treatment, they said approval is pending from insurance. We are poor people, please help."
GR0352,2024-08-31,Fatehpur,H101,Denial of treatment,"To the officer, Card is not accepted, staff says server is down for last 4 days. Mobile no 9739488188.  "
GR0353,2024-08-31,Amarpur,H115,Other,"Sir, Pre-authorisation was not given for 6 days and operation was delayed. Kindly help us."
GR0354,2024-08-31,Fatehpur,H055,Denial of treatment,"Sir, Hospital refused to admit my father saying SSY card is not valid, though card is active. Kindly help us."
GR0355,2024-09-02,Devgarh,H023,Other,"Dear Sir/Madam, Food was not given to the patient as promised under the scheme."
GR0356,2024-09-02,Amarpur,H054,Other,"Doctor visited only once in 5 days, junior staff was handling everything. Contact me on 9360466386."
GR0357,2024-09-02,Devgarh,H096,Other,"Respected sir, Nurses were rude and did not come at night even after calling many times. We are poor people, please help.  "
GR0358,2024-09-03,Belapur,H007,Quality of care,"sir ji, nurses were rude and did not come at night even after calling many times . we are poor people, please help ."
GR0359,2024-09-04,Devgarh,H023,Denial of treatment,"Sir ji, We went to the hospital in emergency but they said scheme beds are full and sent us away.  "
GR0360,2024-09-04,Fatehpur,H050,Quality of care,"Sir, Nurses were rude and did not come at night even after calling many times. Contact me on 8493743560.  "
GR0361,2024-09-05,Amarpur,H100,Delay,"To the officer, Claim is pending and hospital is asking us to wait, my father is still in ward. We are poor people, please help."
GR0362,2024-09-05,Amarpur,H080,Denial of treatment,"Respected sir, They refused treatment saying this disease is not in package list. Kindly help us."
GR0363,2024-09-07,Fatehpur,H051,Other,"Sir ji, Patient was not discharged for 8 days after treatment, they said approval is pending from insurance. Kindly help us."
GR0364,2024-09-07,Devgarh,H086,Quality of care,Nurses were rude and did not come at night even after calling many times .
GR0365,2024-09-07,Amarpur,H109,Demand of money,Hospital staff demanded Rs 1500 from us for medicines although treatment is free under the scheme. Contact me on 8382866686.
GR0366,2024-09-08,Devgarh,H019,Delay,"Claim is pending and hospital is asking us to wait, my father is still in ward. We are poor people, please help."
GR0367,2024-09-08,Chandpur,H077,Other,"Ward was dirty and toilets were not cleaned, no drinking water for patients. Mobile no 9424801925."
GR0368,2024-09-08,Amarpur,H005,Delay,"Claim is pending and hospital is asking us to wait, my father is still in ward. Please look into the matter urgently."
GR0369,2024-09-09,Kishanpur,H043,Other,"sir ji, pre-authorisation was not given for 4 days and opration was delayed . kindly help us .  "
GR0370,2024-09-10,Fatehpur,H051,Denial of treatment,"Hospital refused to admit my father saying SSY card is not valid, though card is active. Kindly help us."
GR0371,2024-09-11,Gopalganj,H065,Demand of money,"To the officer, The doctor said the package does not cover the medicines and took Rs. 2000 from my father. Kindly help us."
GR0372,2024-09-11,Amarpur,H114,Delay,PRE-AUTHORISATION WAS NOT GIVEN FOR 2 DAYS AND OPERATION WAS DELAYED.
GR0373,2024-09-11,Haripur,H039,Other,"Food was not given to the patient as promised under the scheme. We are poor people, please help.  "
GR0374,2024-09-11,Gopalganj,H034,Delay,"Sir ji, Pre-authorisation was not given for 9 days and operation was delayed. Please look into the matter urgently.  "
GR0375,2024-09-12,Chandpur,H104,Denial of treatment,"Card is not accepted, staff says server is down for last 7 days. We are poor people, please help.  "
GR0376,2024-09-13,Gopalganj,H032,Delay,"SIR JI, PRE-AUTHORISATION WAS NOT GIVEN FOR 6 DAYS AND OPERATION WAS DELAYED. CONTACT ME ON 9133905356."
GR0377,2024-09-14,Devgarh,H020,Delay,"To the officer, Claim is pending and hospital is asking us to wait, my father is still in ward. Contact me on 8885248699."
GR0378,2024-09-15,Haripur,H038,Other,"TO THE OFFICER, DOCTOR VISITED ONLY ONCE IN 6 DAYS, JUNIOR STAFF WAS HANDLING EVERYTHING . CONTACT ME ON 7937717588 ."
GR0379,2024-09-15,Belapur,H012,Other,"To the officer, Food was not given to the patient as promised under the scheme. We are poor people, please help."
GR0380,2024-09-15,Fatehpur,H101,Denial of treatment,"to the officer, they refused treatment saying this disease is not in package list. please look into the matter urgently."
GR0381,2024-09-16,Devgarh,H086,Other,"Sir, Hospital staff demanded Rs 2000 from us for medicines although treatment is free under the scheme ."
GR0382,2024-09-17,Fatehpur,H074,Demand of money,"RESPECTED SIR, THEY TOOK MONEY (2500) FOR BLOOD TEST AND X-RAY. IS THIS NOT COVERED UNDER SSY CARD? WE ARE POOR PEOPLE, PLEASE HELP."
GR0383,2024-09-17,Gopalganj,H036,Other,"SIR JI, NURSES WERE RUDE AND DID NOT COME AT NIGHT EVEN AFTER CALLING MANY TIMES . WE ARE POOR PEOPLE, PLEASE HELP .  "
GR0384,2024-09-17,Amarpur,H107,Delay,pre-authorisation was not given for 4 days and operation was delayed . mobile no 8314704846 .
GR0385,2024-09-18,Fatehpur,H026,Card/eligibility,"HOSPITAL REFUSED TO ADMIT MY FATHER SAYING SSY CARD IS NOT VALID, THOUGH CARD IS ACTIVE . CONTACT ME ON 6366023718 ."
GR0386,2024-09-19,Kishanpur,H056,Quality of care,"Camp ke baad hospital le gaye, operation kar diya. Nobody explained anything to us. Please take action."
GR0387,2024-09-19,Gopalganj,H067,Other,"Respected sir, Pre-authorisation was not given for 8 days and operation was delayed . Kindly help us ."
GR0388,2024-09-21,Haripur,H053,Delay,"patient was not discharged for 3 days after treatment, they said approval is pending from insurance. please take action.  "
GR0389,2024-09-22,Fatehpur,H025,Quality of care,"Sir ji, Ward was dirty and toilets were not cleaned, no drinking water for patients."
GR0390,2024-09-22,Amarpur,H002,Other,"DEAR SIR/MADAM, PATIENT WAS NOT DISCHARGED FOR 6 DAYS AFTER TREATMENT, THEY SAID APPROVAL IS PENDING FROM INSURANCE . WE ARE POOR PEOPLE, PLEASE HELP ."
GR0391,2024-09-23,Haripur,H039,Delay,"Claim is pending and hospital is asking us to wait, my father is still in ward . We are poor people, please help ."
GR0392,2024-09-25,Amarpur,H080,Other,Pre-authorisation was not given for 9 days and operation was delayed. Mobile no 9045317989.
GR0393,2024-09-26,Chandpur,H013,Card/eligibility,"Sir ji, Card is not accepted, staff says server is down for last 2 days. Please take action.  "
GR0394,2024-09-26,Amarpur,H114,Other,"Sir, Food was not given to the patient as promised under the scheme . Mobile no 7492335775 ."
GR0395,2024-09-27,Devgarh,H097,Denial of treatment,"HOSPITAL REFUSED TO ADMIT MY FATHER SAYING SSY CARD IS NOT VALID, THOUGH CARD IS ACTIVE. MOBILE NO 7945428340."
GR0396,2024-09-27,Chandpur,H013,Other,"Pre-authorisation was not given for 8 days and opration was delayed. We are poor people, please help."
GR0397,2024-09-27,Amarpur,H118,Demand of money,"Sir, Hospital staff demanded Rs 2500 from us for medicines although treatment is free under the scheme. Please take action."
GR0398,2024-09-27,Belapur,H008,Other,"Ward was dirty and toilets were not cleaned, no drinking water for patients. Mobile no 7423765989."
GR0399,2024-09-28,Kishanpur,H083,Quality of care,"Dear Sir/Madam, Food was not given to the patient as promised under the scheme ."
GR0400,2024-09-29,Haripur,H091,Other,"Respected sir, Food was not given to the patient as promised under the scheme. Mobile no 9882260723."
GR0401,2024-09-29,Kishanpur,H073,Other,"DEAR SIR/MADAM, THEY TOOK MONEY (1000) FOR BLOOD TEST AND X-RAY. IS THIS NOT COVERED UNDER SSY CARD?"
GR0402,2024-09-30,Fatehpur,H028,Quality of care,"Sir ji, Nurses were rude and did not come at night even after calling many times. We are poor people, please help."
GR0403,2024-09-30,Amarpur,H075,Other,"Sir, Pre-authorisation was not given for 7 days and operation was delayed."
GR0404,2024-10-01,Gopalganj,H067,Denial of treatment,"We went to the hospital in emergency but they said scheme beds are full and sent us away. We are poor people, please help."
GR0405,2024-10-01,Haripur,H037,Delay,PRE-AUTHORISATION WAS NOT GIVEN FOR 4 DAYS AND OPERATION WAS DELAYED.
GR0406,2024-10-02,Amarpur,H075,Other,"Respected sir, Agent of the hospital told villagers that free operation is available, took us in their van on Sunday. Mobile no 8986290660."
GR0407,2024-10-02,Kishanpur,H056,Denial of treatment,"Card is not accepted, staff says server is down for last 5 days.  "
GR0408,2024-10-02,Amarpur,H093,Quality of care,"To the officer, My wife is only 34 years old but they removed her uterus saying it is necessary, we were not told about any other option. Please take action."
GR0409,2024-10-03,Gopalganj,H110,Quality of care,"Sir ji, Ward was dirty and toilets were not cleaned, no drinking water for patients. We are poor people, please help.  "
GR0410,2024-10-03,Amarpur,H005,Delay,"Dear Sir/Madam, Patient was not discharged for 6 days after treatment, they said approval is pending from insurance. Please look into the matter urgently."
GR0411,2024-10-05,Kishanpur,H046,Other,"Respected sir, Pre-authorisation was not given for 5 days and operation was delayed. Mobile no 7741160717."
GR0412,2024-10-05,Belapur,H009,Demand of money,"Respected sir, They took money (2000) for blood test and x-ray. Is this not covered under SSY card? Mobile no 9995766228."
GR0413,2024-10-06,Fatehpur,H064,Other,"Dear Sir/Madam, Claim is pending and hospital is asking us to wait, my father is still in ward ."
GR0414,2024-10-06,Devgarh,H097,Other,"Sir ji, Ward was dirty and toilets were not cleaned, no drinking water for patients . Please take action ."
GR0415,2024-10-07,Devgarh,H085,Denial of treatment,"Respected sir, Hospital refused to admit my father saying SSY card is not valid, though card is active."
GR0416,2024-10-08,Gopalganj,H033,Quality of care,"Doctor visited only once in 4 days, junior staff was handling everything. Kindly help us."
GR0417,2024-10-08,Devgarh,H103,Card/eligibility,"Sir ji, Hospital refused to admit my father saying SSY card is not valid, though card is active. Contact me on 6790068465."
GR0418,2024-10-08,Belapur,H088,Demand of money,We were asked to pay 2000 rupees in cash before the operation. No receipt was given.  
GR0419,2024-10-09,Kishanpur,H082,Other,"Dear Sir/Madam, Claim is pending and hospital is asking us to wait, my father is still in ward.  "
GR0420,2024-10-09,Devgarh,H099,Other,"Sir, Nurses were rude and did not come at night even after calling many times. Contact me on 6089503030.  "
GR0421,2024-10-11,Devgarh,H099,Other,"Respected sir, Ward was dirty and toilets were not cleaned, no drinking water for patients."
GR0422,2024-10-11,Belapur,H011,Denial of treatment,"Sir ji, Card is not accepted, staff says server is down for last 5 days . Please look into the matter urgently ."
GR0423,2024-10-12,Chandpur,H087,Card/eligibility,"Hospital refused to admit my father saying SSY card is not valid, though card is active . Please take action ."
GR0424,2024-10-12,Belapur,H069,Denial of treatment,THEY REFUSED TREATMENT SAYING THIS DISEASE IS NOT IN PACKAGE LIST . KINDLY HELP US .
GR0425,2024-10-13,Fatehpur,H101,Other,"Sir, Patient was not discharged for 5 days after treatment, they said approval is pending from insurance. Mobile no 6570961627."
GR0426,2024-10-14,Devgarh,H096,Card/eligibility,"To the officer, They refused treatment saying this disease is not in package list. Please look into the matter urgently."
GR0427,2024-10-14,Gopalganj,H031,Denial of treatment,"Dear Sir/Madam, Card is not accepted, staff says server is down for last 3 days . We are poor people, please help ."
GR0428,2024-10-14,Belapur,H088,Other,"nurses were rude and did not come at night even after calling many times. we are poor people, please help.  "
GR0429,2024-10-14,Amarpur,H118,Other,"Patient was not discharged for 9 days after treatment, they said approval is pending from insurance. Kindly help us."
GR0430,2024-10-15,Belapur,H058,Quality of care,"To the officer, Doctor visited only once in 4 days, junior staff was handling everything. Please take action."
GR0431,2024-10-16,Devgarh,H089,Denial of treatment,"Respected sir, We went to the hospital in emergency but they said scheme beds are full and sent us away."
GR0432,2024-10-16,Amarpur,H107,Quality of care,Food was not given to the patient as promised under the scheme.
GR0433,2024-10-16,Amarpur,H054,Denial of treatment,WE WENT TO THE HOSPITAL IN EMERGENCY BUT THEY SAID SCHEME BEDS ARE FULL AND SENT US AWAY.
GR0434,2024-10-16,Devgarh,H081,Quality of care,"Sir ji, Ward was dirty and toilets were not cleaned, no drinking water for patients. Please take action."
GR0435,2024-10-16,Haripur,H053,Delay,"Respected sir, Pre-authorisation was not given for 6 days and operation was delayed. We are poor people, please help."
GR0436,2024-10-16,Devgarh,H086,Quality of care,"WARD WAS DIRTY AND TOILETS WERE NOT CLEANED, NO DRINKING WATER FOR PATIENTS."
GR0437,2024-10-17,Amarpur,H105,Other,"They did operation in a hurry and discharged next day, the wound has not healed and there is pus."
GR0438,2024-10-17,Devgarh,H103,Quality of care,"ward was dirty and toilets were not cleaned, no drinking water for patients. contact me on 6561242990."
GR0439,2024-10-17,Belapur,H008,Denial of treatment,"Card is not accepted, staff says server is down for last 3 days."
GR0440,2024-10-17,Amarpur,H107,Denial of treatment,"SIR, THEY REFUSED TREATMENT SAYING THIS DISEASE IS NOT IN PACKAGE LIST."
GR0441,2024-10-18,Chandpur,H113,Delay,"Claim is pending and hospital is asking us to wait, my father is still in ward. Please look into the matter urgently."
GR0442,2024-10-18,Amarpur,H100,Quality of care,"Sir ji, Food was not given to the patient as promised under the scheme."
GR0443,2024-10-18,Fatehpur,H061,Card/eligibility,"CARD IS NOT ACCEPTED, STAFF SAYS SERVER IS DOWN FOR LAST 5 DAYS. WE ARE POOR PEOPLE, PLEASE HELP."
GR0444,2024-10-20,Amarpur,H112,Demand of money,"To the officer, Hospital staff demanded Rs 1000 from us for medicines although treatment is free under the scheme. Kindly help us.  "
GR0445,2024-10-20,Gopalganj,H034,Demand of money,They took money (3000) for blood test and x-ray. Is this not covered under SSY card? Contact me on 7442470888.
GR0446,2024-10-21,Fatehpur,H050,Denial of treatment,"Card is not accepted, staff says server is down for last 3 days. Please take action.  "
GR0447,2024-10-22,Amarpur,H078,Demand of money,Hospital staff demanded Rs 2000 from us for medicines although treatment is free under the scheme.
GR0448,2024-10-22,Amarpur,H054,Quality of care,"Sir ji, Ward was dirty and toilets were not cleaned, no drinking water for patients. We are poor people, please help."
GR0449,2024-10-23,Chandpur,H076,Other,We were asked to pay 8000 rupees in cash before the opration. No receipt was given.
GR0450,2024-10-23,Haripur,H039,Other,"Dear Sir/Madam, Hospital staff demanded Rs 1500 from us for medicines although treatment is free under the scheme. We are poor people, please help."
GR0451,2024-10-23,Gopalganj,H032,Denial of treatment,"Respected sir, They refused treatment saying this disease is not in package list. We are poor people, please help."
GR0452,2024-10-23,Devgarh,H084,Demand of money,"SIR, AT DISCHARGE THE COUNTER ASKED 5000/- EXTRA, THEY SAID CARD AMOUNT IS FINISHED. WE ARE POOR PEOPLE, PLEASE HELP.  "
GR0453,2024-10-24,Gopalganj,H033,Other,"Dear Sir/Madam, Patient was not discharged for 5 days after treatment, they said approval is pending from insurance. We are poor people, please help.  "
GR0454,2024-10-24,Amarpur,H118,Delay,Pre-authorisation was not given for 8 days and operation was delayed. Mobile no 7288639653.
GR0455,2024-10-25,Devgarh,H022,Card/eligibility,"Dear Sir/Madam, Hospital refused to admit my father saying SSY card is not valid, though card is active. Please look into the matter urgently."
GR0456,2024-10-25,Devgarh,H117,Delay,"Respected sir, Patient was not discharged for 9 days after treatment, they said approval is pending from insurance. Mobile no 6265139884."
GR0457,2024-10-26,Devgarh,H089,Other,"At discharge the counter asked 3000/- extra, they said card amount is finished. We are poor people, please help."
GR0458,2024-10-26,Haripur,H092,Delay,"Patient was not discharged for 2 days after treatment, they said approval is pending from insurance.  "
GR0459,2024-10-27,Fatehpur,H027,Other,"Dear Sir/Madam, Patient was not discharged for 2 days after treatment, they said approval is pending from insurance."
GR0460,2024-10-27,Devgarh,H023,Other,"At discharge the counter asked 500/- extra, they said card amount is finished ."
GR0461,2024-10-27,Chandpur,H017,Other,"Patient was not discharged for 9 days after treatment, they said approval is pending from insurance."
GR0462,2024-10-28,Devgarh,H019,Delay,"To the officer, Patient was not discharged for 3 days after treatment, they said approval is pending from insurance. Kindly help us."
GR0463,2024-10-28,Fatehpur,H120,Other,"Respected sir, Patient was not discharged for 7 days after treatment, they said approval is pending from insurance. Mobile no 7959554504."
GR0464,2024-10-28,Kishanpur,H082,Card/eligibility,We went to the hospital in emergency but they said scheme beds are full and sent us away.
GR0465,2024-10-28,Belapur,H095,Quality of care,"Respected sir, Ward was dirty and toilets were not cleaned, no drinking water for patients . Please look into the matter urgently ."
GR0466,2024-10-28,Amarpur,H107,Quality of care,"Doctor visited only once in 7 days, junior staff was handling everything."
GR0467,2024-10-28,Devgarh,H117,Other,"CLAIM IS PENDING AND HOSPITAL IS ASKING US TO WAIT, MY FATHER IS STILL IN WARD. WE ARE POOR PEOPLE, PLEASE HELP.  "
GR0468,2024-10-29,Belapur,H069,Other,"Sir ji, Health camp was held in the panchayat bhawan, many old people were taken for eye operation, they were sent back next day. Please look into the matter urgently."
GR0469,2024-10-29,Fatehpur,H028,Denial of treatment,"To the officer, We went to the hospital in emergency but they said scheme beds are full and sent us away. Mobile no 7519818841."
GR0470,2024-10-30,Gopalganj,H036,Other,"To the officer, Agent of the hospital told villagers that free operation is available, took us in their van on Sunday. Mobile no 9931747936."
GR0471,2024-10-31,Gopalganj,H034,Denial of treatment,"To the officer, They refused treatment saying this disease is not in package list ."
GR0472,2024-10-31,Belapur,H095,Delay,"To the officer, Claim is pending and hospital is asking us to wait, my father is still in ward.  "
GR0473,2024-10-31,Kishanpur,H048,Card/eligibility,"To the officer, Card is not accepted, staff says server is down for last 9 days."
GR0474,2024-11-01,Devgarh,H117,Delay,"Respected sir, Patient was not discharged for 7 days after treatment, they said approval is pending from insurance. Kindly help us."
GR0475,2024-11-01,Devgarh,H024,Quality of care,"Respected sir, Doctor visited only once in 2 days, junior staff was handling everything. Please look into the matter urgently."
GR0476,2024-11-01,Devgarh,H096,Delay,"to the officer, claim is pending and hospital is asking us to wait, my father is still in ward. please take action."
GR0477,2024-11-02,Devgarh,H089,Delay,"To the officer, Pre-authorisation was not given for 6 days and operation was delayed.  "
GR0478,2024-11-02,Belapur,H088,Other,Food was not given to the patient as promised under the scheme. Please look into the matter urgently.  
GR0479,2024-11-02,Belapur,H106,Denial of treatment,"to the officer, card is not accepted, staff says server is down for last 6 days. we are poor people, please help."
GR0480,2024-11-02,Fatehpur,H028,Other,"respected sir, at discharge the counter asked 1500/- extra, they said card amount is finished . kindly help us ."
GR0481,2024-11-03,Chandpur,H104,Delay,"Patient was not discharged for 8 days after treatment, they said approval is pending from insurance. Please take action."
GR0482,2024-11-03,Chandpur,H077,Delay,"Claim is pending and hospital is asking us to wait, my father is still in ward. Please look into the matter urgently."
GR0483,2024-11-03,Gopalganj,H031,Other,"To the officer, Patient was not discharged for 5 days after treatment, they said approval is pending from insurance. Contact me on 6653965519."
GR0484,2024-11-04,Amarpur,H115,Quality of care,"Dear Sir/Madam, Doctor visited only once in 5 days, junior staff was handling everything. We are poor people, please help.  "
GR0485,2024-11-04,Amarpur,H057,Denial of treatment,"RESPECTED SIR, HOSPITAL REFUSED TO ADMIT MY FATHER SAYING SSY CARD IS NOT VALID, THOUGH CARD IS ACTIVE. KINDLY HELP US."
GR0486,2024-11-05,Haripur,H119,Demand of money,"Dear Sir/Madam, They took money (8000) for blood test and x-ray . Is this not covered under SSY card? Please take action ."
GR0487,2024-11-05,Belapur,H069,Delay,Pre-authorisation was not given for 7 days and operation was delayed.
GR0488,2024-11-06,Chandpur,H076,Quality of care,"To the officer, Food was not given to the patient as promised under the scheme."
GR0489,2024-11-07,Fatehpur,H074,Delay,"Sir, Patient was not discharged for 3 days after treatment, they said approval is pending from insurance. Contact me on 8863682319."
GR0490,2024-11-07,Fatehpur,H030,Denial of treatment,They refused treatment saying this disease is not in package list. Please take action.
GR0491,2024-11-08,Devgarh,H081,Other,"Sir ji, Doctor visited only once in 6 days, junior staff was handling everything.  "
GR0492,2024-11-08,Gopalganj,H036,Delay,"SIR, PATIENT WAS NOT DISCHARGED FOR 8 DAYS AFTER TREATMENT, THEY SAID APPROVAL IS PENDING FROM INSURANCE. WE ARE POOR PEOPLE, PLEASE HELP."
GR0493,2024-11-09,Belapur,H007,Delay,"Sir, Patient was not discharged for 7 days after treatment, they said approval is pending from insurance. Mobile no 6730170077."
GR0494,2024-11-11,Devgarh,H021,Card/eligibility,"To the officer, They refused treatment saying this disease is not in package list. Please look into the matter urgently."
GR0495,2024-11-11,Haripur,H042,Denial of treatment,We went to the hospital in emergency but they said scheme beds are full and sent us away.  
GR0496,2024-11-11,Fatehpur,H120,Quality of care,NURSES WERE RUDE AND DID NOT COME AT NIGHT EVEN AFTER CALLING MANY TIMES. PLEASE TAKE ACTION.
GR0497,2024-11-11,Chandpur,H104,Delay,"Claim is pending and hospital is asking us to wait, my father is still in ward."
GR0498,2024-11-11,Amarpur,H054,Quality of care,"SIR JI, FOOD WAS NOT GIVEN TO THE PATIENT AS PROMISED UNDER THE SCHEME. KINDLY HELP US.  "
GR0499,2024-11-12,Haripur,H119,Demand of money,"To the officer, Hospital staff demanded Rs 3000 from us for medicines although treatment is free under the scheme. Contact me on 7985187602."
GR0500,2024-11-13,Amarpur,H108,Card/eligibility,"sir, we went to the hospital in emergency but they said scheme beds are full and sent us away. contact me on 7155783239."
GR0501,2024-11-13,Fatehpur,H025,Quality of care,"respected sir, ward was dirty and toilets were not cleaned, no drinking water for patients. mobile no 9364278603."
GR0502,2024-11-13,Belapur,H058,Quality of care,Nurses were rude and did not come at night even after calling many times. Please look into the matter urgently.
GR0503,2024-11-13,Fatehpur,H120,Card/eligibility,"Sir ji, Card is not accepted, staff says server is down for last 2 days . Please take action ."
GR0504,2024-11-14,Gopalganj,H033,Quality of care,"Nurses were rude and did not come at night even after calling many times. We are poor people, please help."
GR0505,2024-11-15,Devgarh,H099,Delay,"To the officer, Patient was not discharged for 7 days after treatment, they said approval is pending from insurance. Please look into the matter urgently."
GR0506,2024-11-15,Fatehpur,H029,Other,"Sir, Claim is pending and hospital is asking us to wait, my father is still in ward. Mobile no 8764719193.  "
GR0507,2024-11-17,Fatehpur,H050,Other,"To the officer, Nurses were rude and did not come at night even after calling many times. Please look into the matter urgently."
GR0508,2024-11-17,Amarpur,H080,Denial of treatment,"CARD IS NOT ACCEPTED, STAFF SAYS SERVER IS DOWN FOR LAST 3 DAYS. WE ARE POOR PEOPLE, PLEASE HELP."
GR0509,2024-11-18,Chandpur,H016,Denial of treatment,THEY REFUSED TREATMENT SAYING THIS DISEASE IS NOT IN PACKAGE LIST.
GR0510,2024-11-19,Belapur,H009,Card/eligibility,"sir, hospital refused to admit my father saying ssy card is not valid, though card is active. please take action."
GR0511,2024-11-19,Fatehpur,H028,Demand of money,Hospital staff demanded Rs 8000 from us for medicines although treatment is free under the scheme .
GR0512,2024-11-19,Amarpur,H112,Other,"Dear Sir/Madam, Pre-authorisation was not given for 4 days and operation was delayed. Please look into the matter urgently."
GR0513,2024-11-20,Belapur,H068,Delay,"DEAR SIR/MADAM, PATIENT WAS NOT DISCHARGED FOR 9 DAYS AFTER TREATMENT, THEY SAID APPROVAL IS PENDING FROM INSURANCE. PLEASE TAKE ACTION."
GR0514,2024-11-20,Kishanpur,H083,Demand of money,"at discharge the counter asked 1000/- extra, they said card amount is finished."
GR0515,2024-11-20,Amarpur,H114,Other,THEY TOOK MONEY (1500) FOR BLOOD TEST AND X-RAY. IS THIS NOT COVERED UNDER SSY CARD? PLEASE LOOK INTO THE MATTER URGENTLY.
GR0516,2024-11-20,Haripur,H053,Denial of treatment,"Sir, Hospital refused to admit my father saying SSY card is not valid, though card is active."
GR0517,2024-11-21,Belapur,H068,Delay,"Sir, Patient was not discharged for 9 days after treatment, they said approval is pending from insurance. Kindly help us."
GR0518,2024-11-21,Fatehpur,H050,Other,"Patient was not discharged for 9 days after treatment, they said approval is pending from insurance. We are poor people, please help."
GR0519,2024-11-22,Fatehpur,H029,Quality of care,"Sir, Doctor visited only once in 6 days, junior staff was handling everything. Contact me on 7155979685."
GR0520,2024-11-22,Devgarh,H103,Other,"Sir, My wife is only 25 years old but they removed her uterus saying it is necessary, we were not told about any other option."
GR0521,2024-11-22,Amarpur,H115,Other,Nurses were rude and did not come at night even after calling many times. Contact me on 6431769638.
GR0522,2024-11-22,Gopalganj,H110,Card/eligibility,"Sir, They refused treatment saying this disease is not in package list. We are poor people, please help."
GR0523,2024-11-22,Amarpur,H109,Denial of treatment,"DEAR SIR/MADAM, WE WENT TO THE HOSPITAL IN EMERGENCY BUT THEY SAID SCHEME BEDS ARE FULL AND SENT US AWAY."
GR0524,2024-11-22,Belapur,H049,Quality of care,Food was not given to the patient as promised under the scheme . Please look into the matter urgently .
GR0525,2024-11-22,Kishanpur,H082,Quality of care,"Dear Sir/Madam, Doctor visited only once in 7 days, junior staff was handling everything. Kindly help us."
GR0526,2024-11-22,Chandpur,H016,Quality of care,"DOCTOR VISITED ONLY ONCE IN 5 DAYS, JUNIOR STAFF WAS HANDLING EVERYTHING. MOBILE NO 9217615174.  "
GR0527,2024-11-23,Fatehpur,H064,Demand of money,"To the officer, The doctor said the package does not cover the medicines and took Rs. 3000 from my father. Please look into the matter urgently."
GR0528,2024-11-23,Amarpur,H112,Quality of care,"Dear Sir/Madam, Nurses were rude and did not come at night even after calling many times. Mobile no 6799474171."
GR0529,2024-11-25,Belapur,H058,Quality of care,"To the officer, Doctor visited only once in 6 days, junior staff was handling everything. Contact me on 6243279436."
GR0530,2024-11-26,Amarpur,H003,Delay,"Claim is pending and hospital is asking us to wait, my father is still in ward. Please take action."
GR0531,2024-11-26,Fatehpur,H025,Other,"DOCTOR VISITED ONLY ONCE IN 2 DAYS, JUNIOR STAFF WAS HANDLING EVERYTHING. KINDLY HELP US."
GR0532,2024-11-28,Belapur,H010,Denial of treatment,"RESPECTED SIR, HOSPITAL REFUSED TO ADMIT MY FATHER SAYING SSY CARD IS NOT VALID, THOUGH CARD IS ACTIVE . WE ARE POOR PEOPLE, PLEASE HELP ."
GR0533,2024-11-28,Belapur,H012,Other,"PATIENT WAS NOT DISCHARGED FOR 2 DAYS AFTER TREATMENT, THEY SAID APPROVAL IS PENDING FROM INSURANCE . MOBILE NO 8785697603 ."
GR0534,2024-11-29,Devgarh,H103,Denial of treatment,"To the officer, We went to the hospital in emergency but they said scheme beds are full and sent us away. Contact me on 6891223291.  "
GR0535,2024-11-29,Fatehpur,H050,Other,"Sir ji, Patient was not discharged for 4 days after treatment, they said approval is pending from insurance. Mobile no 8788684662."
GR0536,2024-11-30,Haripur,H042,Delay,"Patient was not discharged for 3 days after treatment, they said approval is pending from insurance. Mobile no 6163477772."
GR0537,2024-11-30,Devgarh,H085,Quality of care,"MY WIFE IS ONLY 26 YEARS OLD BUT THEY REMOVED HER UTERUS SAYING IT IS NECESSARY, WE WERE NOT TOLD ABOUT ANY OTHER OPTION. CONTACT ME ON 7379430171."
GR0538,2024-12-01,Belapur,H111,Quality of care,"Dear Sir/Madam, Nurses were rude and did not come at night even after calling many times."
GR0539,2024-12-01,Gopalganj,H035,Delay,"Dear Sir/Madam, Claim is pending and hospital is asking us to wait, my father is still in ward."
GR0540,2024-12-02,Haripur,H053,Denial of treatment,"Sir, They refused treatment saying this disease is not in package list . We are poor people, please help ."
GR0541,2024-12-02,Fatehpur,H064,Other,"Sir, My wife is only 34 years old but they removed her uterus saying it is necessary, we were not told about any other option. Please take action."
GR0542,2024-12-02,Chandpur,H077,Denial of treatment,"Dear Sir/Madam, Hospital refused to admit my father saying SSY card is not valid, though card is active. Please take action.  "
GR0543,2024-12-02,Haripur,H038,Denial of treatment,"Card is not accepted, staff says server is down for last 8 days . Mobile no 7633029529 ."
GR0544,2024-12-02,Haripur,H039,Card/eligibility,"we went to the hospital in emergency but they said scheme beds are full and sent us away. we are poor people, please help."
GR0545,2024-12-02,Belapur,H111,Quality of care,"Nurses were rude and did not come at night even after calling many times. We are poor people, please help."
GR0546,2024-12-03,Chandpur,H014,Other,"Respected sir, Pre-authorisation was not given for 6 days and operation was delayed."
GR0547,2024-12-03,Devgarh,H084,Other,"Dear Sir/Madam, Patient was not discharged for 3 days after treatment, they said approval is pending from insurance."
GR0548,2024-12-03,Amarpur,H004,Quality of care,"DEAR SIR/MADAM, FOOD WAS NOT GIVEN TO THE PATIENT AS PROMISED UNDER THE SCHEME. MOBILE NO 6302279058."
GR0549,2024-12-03,Devgarh,H022,Demand of money,"Sir, Hospital staff demanded Rs 3000 from us for medicines although treatment is free under the scheme. We are poor people, please help."
GR0550,2024-12-03,Amarpur,H075,Other,"Dear Sir/Madam, Doctor visited only once in 8 days, junior staff was handling everything."
GR0551,2024-12-03,Chandpur,H113,Demand of money,"WE WERE ASKED TO PAY 1500 RUPEES IN CASH BEFORE THE OPERATION. NO RECEIPT WAS GIVEN. WE ARE POOR PEOPLE, PLEASE HELP."
GR0552,2024-12-04,Amarpur,H118,Quality of care,"Dear Sir/Madam, Second operation was done within one month, again my card was swiped . Please take action .  "
GR0553,2024-12-04,Devgarh,H084,Quality of care,Food was not given to the patient as promised under the scheme. Kindly help us.
GR0554,2024-12-04,Fatehpur,H030,Card/eligibility,"TO THE OFFICER, HOSPITAL REFUSED TO ADMIT MY FATHER SAYING SSY CARD IS NOT VALID, THOUGH CARD IS ACTIVE. WE ARE POOR PEOPLE, PLEASE HELP."
GR0555,2024-12-05,Devgarh,H089,Denial of treatment,"Respected sir, Card is not accepted, staff says server is down for last 8 days."
GR0556,2024-12-05,Chandpur,H113,Card/eligibility,we went to the hospital in emergency but they said scheme beds are full and sent us away. kindly help us.  
GR0557,2024-12-06,Belapur,H072,Delay,"PATIENT WAS NOT DISCHARGED FOR 3 DAYS AFTER TREATMENT, THEY SAID APPROVAL IS PENDING FROM INSURANCE."
GR0558,2024-12-06,Amarpur,H105,Delay,Pre-authorisation was not given for 7 days and operation was delayed. Contact me on 7446137780.
GR0559,2024-12-06,Fatehpur,H028,Other,"dear sir/madam, we were asked to pay 5000 rupees in cash before the operation. no receipt was given."
GR0560,2024-12-06,Chandpur,H014,Card/eligibility,"Sir ji, Card is not accepted, staff says server is down for last 2 days. Kindly help us."
GR0561,2024-12-07,Kishanpur,H047,Quality of care,"sir ji, nurses were rude and did not come at night even after calling many times. contact me on 8796278926."
GR0562,2024-12-08,Belapur,H007,Other,"Doctor visited only once in 6 days, junior staff was handling everything. We are poor people, please help."
GR0563,2024-12-08,Amarpur,H001,Quality of care,"Respected sir, Hospital people came to village camp and said everyone must get checked, then my mother was admitted and operated .  "
GR0564,2024-12-08,Haripur,H037,Quality of care,"sir, nurses were rude and did not come at night even after calling many times. contact me on 6554247807."
GR0565,2024-12-09,Chandpur,H077,Quality of care,"Sir ji, Food was not given to the patient as promised under the scheme. Please take action."
GR0566,2024-12-09,Kishanpur,H083,Other,"DEAR SIR/MADAM, THEY TOOK MONEY (8000) FOR BLOOD TEST AND X-RAY. IS THIS NOT COVERED UNDER SSY CARD? PLEASE LOOK INTO THE MATTER URGENTLY."
GR0567,2024-12-10,Belapur,H008,Demand of money,The doctor said the package does not cover the medicines and took Rs. 5000 from my father. Contact me on 8623094232.
GR0568,2024-12-10,Devgarh,H024,Card/eligibility,"Dear Sir/Madam, We went to the hospital in emergency but they said scheme beds are full and sent us away. Please look into the matter urgently.  "
GR0569,2024-12-10,Chandpur,H015,Other,"Doctor did operation of appendix without any test, now my son has pain and they are not attending. Please take action."
GR0570,2024-12-10,Chandpur,H076,Card/eligibility,"Sir, They refused treatment saying this disease is not in package list."
GR0571,2024-12-11,Devgarh,H089,Card/eligibility,"SIR JI, WE WENT TO THE HOSPITAL IN EMERGENCY BUT THEY SAID SCHEME BEDS ARE FULL AND SENT US AWAY. CONTACT ME ON 9506189867."
GR0572,2024-12-12,Belapur,H095,Other,"Camp ke baad hospital le gaye, operation kar diya. Nobody explained anything to us. Mobile no 6469829532."
GR0573,2024-12-12,Devgarh,H094,Quality of care,"Sir, Ward was dirty and toilets were not cleaned, no drinking water for patients."
GR0574,2024-12-13,Belapur,H088,Delay,"To the officer, Patient was not discharged for 3 days after treatment, they said approval is pending from insurance. We are poor people, please help."
GR0575,2024-12-13,Amarpur,H006,Denial of treatment,WE WENT TO THE HOSPITAL IN EMERGENCY BUT THEY SAID SCHEME BEDS ARE FULL AND SENT US AWAY.  
GR0576,2024-12-14,Devgarh,H086,Delay,"Claim is pending and hospital is asking us to wait, my father is still in ward . Please take action ."
GR0577,2024-12-14,Haripur,H060,Other,"To the officer, Patient was not discharged for 7 days after treatment, they said approval is pending from insurance. Please look into the matter urgently."
GR0578,2024-12-15,Amarpur,H114,Denial of treatment,"We went to the hospital in emergency but they said scheme beds are full and sent us away. We are poor people, please help."
GR0579,2024-12-15,Haripur,H091,Card/eligibility,"dear sir/madam, card is not accepted, staff says server is down for last 7 days. contact me on 7243359744."
GR0580,2024-12-16,Haripur,H119,Card/eligibility,"Sir, We went to the hospitl in emergency but they said scheme beds are full and sent us away. Please take action.  "
GR0581,2024-12-16,Belapur,H009,Demand of money,The doctor said the package does not cover the medicines and took Rs. 3000 from my father. Contact me on 8256647329.
GR0582,2024-12-18,Devgarh,H099,Card/eligibility,"Hospital refused to admit my father saying SSY card is not valid, though card is active. Please look into the matter urgently.  "
GR0583,2024-12-18,Devgarh,H096,Delay,"patient was not discharged for 9 days after treatment, they said approval is pending from insurance. kindly help us."
GR0584,2024-12-18,Amarpur,H078,Card/eligibility,"Respected sir, Hospital refused to admit my father saying SSY card is not valid, though card is active."
GR0585,2024-12-19,Gopalganj,H031,Denial of treatment,We went to the hospital in emergency but they said scheme beds are full and sent us away. Kindly help us.
GR0586,2024-12-19,Gopalganj,H032,Denial of treatment,"TO THE OFFICER, WE WENT TO THE HOSPITAL IN EMERGENCY BUT THEY SAID SCHEME BEDS ARE FULL AND SENT US AWAY. PLEASE LOOK INTO THE MATTER URGENTLY."
GR0587,2024-12-20,Belapur,H011,Denial of treatment,"Dear Sir/Madam, Hospital refused to admit my father saying SSY card is not valid, though card is active. Contact me on 9748149955."
GR0588,2024-12-20,Fatehpur,H030,Denial of treatment,"Sir ji, Hospital refused to admit my father saying SSY card is not valid, though card is active . Please look into the matter urgently ."
GR0589,2024-12-20,Amarpur,H054,Denial of treatment,"Sir ji, Card is not accepted, staff says server is down for last 5 days. Contact me on 9551481665."
GR0590,2024-12-21,Belapur,H072,Other,"SIR, HOSPITAL STAFF DEMANDED RS 1500 FROM US FOR MEDICINES ALTHOUGH TREATMENT IS FREE UNDER THE SCHEME . CONTACT ME ON 8235576208 ."
GR0591,2024-12-21,Belapur,H012,Other,"Respected sir, Doctor did operation of appendix without any test, now my son has pain and they are not attending. Mobile no 7197673664.  "
GR0592,2024-12-22,Amarpur,H107,Demand of money,"Dear Sir/Madam, At discharge the counter asked 500/- extra, they said card amount is finished. Please look into the matter urgently."
GR0593,2024-12-22,Fatehpur,H074,Other,"Patient was not discharged for 7 days after treatment, they said approval is pending from insurance. Kindly help us."
GR0594,2024-12-22,Haripur,H041,Quality of care,"To the officer, Ward was dirty and toilets were not cleaned, no drinking water for patients. Mobile no 7735524976.  "
GR0595,2024-12-23,Gopalganj,H032,Quality of care,Food was not given to the patient as promised under the scheme. Please look into the matter urgently.
GR0596,2024-12-23,Chandpur,H087,Other,"Sir ji, Doctor visited only once in 4 days, junior staff was handling everything. Mobile no 8334597228.  "
GR0597,2024-12-23,Kishanpur,H083,Quality of care,"DEAR SIR/MADAM, WARD WAS DIRTY AND TOILETS WERE NOT CLEANED, NO DRINKING WATER FOR PATIENTS ."
GR0598,2024-12-23,Amarpur,H006,Demand of money,"Sir ji, They took money (8000) for blood test and x-ray. Is this not covered under SSY card? Contact me on 6950978310.  "
GR0599,2024-12-23,Devgarh,H023,Quality of care,"Sir ji, Ward was dirty and toilets were not cleaned, no drinking water for patients."
GR0600,2024-12-24,Haripur,H041,Delay,"To the officer, Claim is pending and hospital is asking us to wait, my father is still in ward. Contact me on 8035330888."
GR0601,2024-12-24,Chandpur,H104,Other,"sir ji, we were asked to pay 1000 rupees in cash before the operation. no receipt was given. contact me on 6279172931."
GR0602,2024-12-25,Fatehpur,H051,Other,"Dear Sir/Madam, We were asked to pay 1500 rupees in cash before the operation. No receipt was given."
GR0603,2024-12-25,Belapur,H058,Other,"To the officer, My wife is only 34 years old but they removed her uterus saying it is necessary, we were not told about any other option. We are poor people, please help.  "
GR0604,2024-12-25,Amarpur,H002,Denial of treatment,"Respected sir, Card is not accepted, staff says server is down for last 4 days."
GR0605,2024-12-26,Amarpur,H004,Delay,"Dear Sir/Madam, Pre-authorisation was not given for 4 days and opration was delayed . Kindly help us ."
GR0606,2024-12-26,Amarpur,H004,Card/eligibility,"To the officer, Hospital refused to admit my father saying SSY card is not valid, though card is active. Mobile no 7785910095."
GR0607,2024-12-27,Haripur,H041,Other,"Respected sir, Doctor visited only once in 6 days, junior staff was handling everything. Please look into the matter urgently."
GR0608,2024-12-29,Amarpur,H005,Other,"Sir, Food was not given to the patient as promised under the scheme."
GR0609,2024-12-30,Belapur,H072,Quality of care,"Sir ji, Nurses were rude and did not come at night even after calling many times. Please take action.  "
GR0610,2024-12-30,Devgarh,H099,Quality of care,"Sir ji, Ward was dirty and toilets were not cleaned, no drinking water for patients. Kindly help us."
GR0611,2024-12-30,Belapur,H011,Denial of treatment,We went to the hospital in emergency but they said scheme beds are full and sent us away .  
GR0612,2024-12-30,Amarpur,H004,Other,"Sir, The doctor said the package does not cover the medicines and took Rs. 1000 from my father. Please take action."
GR0613,2024-12-30,Fatehpur,H027,Denial of treatment,"To the officer, They refused treatment saying this disease is not in package list . Contact me on 6172304455 ."
GR0614,2024-12-31,Haripur,H092,Denial of treatment,"Sir ji, They refused treatment saying this disease is not in package list."
GR0615,2024-12-31,Fatehpur,H064,Denial of treatment,"Sir, We went to the hospital in emergency but they said scheme beds are full and sent us away. We are poor people, please help."
GR0616,2025-01-01,Kishanpur,H047,Quality of care,"doctor visited only once in 4 days, junior staff was handling everything.  "
GR0617,2025-01-01,Fatehpur,H028,Card/eligibility,"To the officer, They refused treatment saying this disease is not in package list . Mobile no 8180493764 .  "
GR0618,2025-01-02,Fatehpur,H028,Quality of care,"TO THE OFFICER, SECOND OPERATION WAS DONE WITHIN ONE MONTH, AGAIN MY CARD WAS SWIPED."
GR0619,2025-01-02,Amarpur,H080,Denial of treatment,"Sir ji, They refused treatment saying this disease is not in package list. Please look into the matter urgently.  "
GR0620,2025-01-02,Amarpur,H005,Quality of care,"SIR, NURSES WERE RUDE AND DID NOT COME AT NIGHT EVEN AFTER CALLING MANY TIMES."
GR0621,2025-01-03,Kishanpur,H056,Other,"to the officer, hospital staff demanded rs 8000 from us for medicines although treatment is free under the scheme. kindly help us."
GR0622,2025-01-03,Gopalganj,H110,Delay,"dear sir/madam, patient was not discharged for 5 days after treatment, they said approval is pending from insurance."
GR0623,2025-01-03,Fatehpur,H055,Demand of money,They took money (1500) for blood test and x-ray . Is this not covered under SSY card? Contact me on 6500523251 .
GR0624,2025-01-04,Amarpur,H108,Denial of treatment,"To the officer, We went to the hospital in emergency but they said scheme beds are full and sent us away . Mobile no 8601568927 ."
GR0625,2025-01-05,Chandpur,H087,Quality of care,"Sir ji, Food was not given to the patient as promised under the scheme."
GR0626,2025-01-05,Haripur,H053,Denial of treatment,"SIR, CARD IS NOT ACCEPTED, STAFF SAYS SERVER IS DOWN FOR LAST 3 DAYS. MOBILE NO 6101602186."
GR0627,2025-01-05,Haripur,H040,Other,"Sir, Pre-authorisation was not given for 2 days and operation was delayed. Mobile no 6302284774."
GR0628,2025-01-06,Fatehpur,H051,Denial of treatment,"Dear Sir/Madam, Card is not accepted, staff says server is down for last 5 days ."
GR0629,2025-01-07,Belapur,H095,Other,"Respected sir, Claim is pending and hospital is asking us to wait, my father is still in ward . We are poor people, please help ."
GR0630,2025-01-07,Haripur,H037,Delay,"respected sir, pre-authorisation was not given for 5 days and operation was delayed. we are poor people, please help."
GR0631,2025-01-07,Belapur,H010,Demand of money,"Dear Sir/Madam, Hospital staff demanded Rs 8000 from us for medicines although treatment is free under the scheme. Contact me on 7008814961."
GR0632,2025-01-07,Haripur,H037,Denial of treatment,"Respected sir, We went to the hospital in emergency but they said scheme beds are full and sent us away.  "
GR0633,2025-01-08,Amarpur,H004,Quality of care,"To the officer, Ward was dirty and toilets were not cleaned, no drinking water for patients . Please take action ."
GR0634,2025-01-08,Kishanpur,H073,Denial of treatment,"To the officer, Card is not accepted, staff says server is down for last 7 days."
GR0635,2025-01-09,Haripur,H091,Denial of treatment,"Sir, Card is not accepted, staff says server is down for last 2 days. Please look into the matter urgently."
GR0636,2025-01-09,Chandpur,H013,Denial of treatment,"Hospital refused to admit my father saying SSY card is not valid, though card is active . Kindly help us ."
GR0637,2025-01-10,Kishanpur,H102,Quality of care,Nurses were rude and did not come at night even after calling many times .
GR0638,2025-01-10,Belapur,H012,Other,"Sir ji, Doctor visited only once in 5 days, junior staff was handling everything. Kindly help us."
GR0639,2025-01-10,Chandpur,H087,Quality of care,"to the officer, food was not given to the patient as promised under the scheme. kindly help us."
GR0640,2025-01-11,Devgarh,H023,Delay,"Claim is pending and hospital is asking us to wait, my father is still in ward."
GR0641,2025-01-11,Chandpur,H014,Demand of money,The doctor said the package does not cover the medicines and took Rs. 8000 from my father. Kindly help us.
GR0642,2025-01-11,Kishanpur,H082,Other,Hospital staff demanded Rs 8000 from us for medicines although treatment is free under the scheme . Mobile no 6936083149 .
GR0643,2025-01-11,Chandpur,H077,Delay,"Sir ji, Claim is pending and hospital is asking us to wait, my father is still in ward . Kindly help us ."
GR0644,2025-01-12,Amarpur,H006,Denial of treatment,"Dear Sir/Madam, Hospital refused to admit my father saying SSY card is not valid, though card is active. We are poor people, please help."
GR0645,2025-01-13,Gopalganj,H110,Quality of care,"Dear Sir/Madam, Ward was dirty and toilets were not cleaned, no drinking water for patients."
GR0646,2025-01-13,Devgarh,H024,Denial of treatment,"DEAR SIR/MADAM, CARD IS NOT ACCEPTED, STAFF SAYS SERVER IS DOWN FOR LAST 8 DAYS. WE ARE POOR PEOPLE, PLEASE HELP."
GR0647,2025-01-13,Kishanpur,H056,Demand of money,"RESPECTED SIR, THE DOCTOR SAID THE PACKAGE DOES NOT COVER THE MEDICINES AND TOOK RS. 2500 FROM MY FATHER. KINDLY HELP US."
GR0648,2025-01-14,Amarpur,H108,Demand of money,"RESPECTED SIR, AT DISCHARGE THE COUNTER ASKED 3000/- EXTRA, THEY SAID CARD AMOUNT IS FINISHED."
GR0649,2025-01-15,Chandpur,H016,Quality of care,"Sir ji, Doctor visited only once in 9 days, junior staff was handling everything. We are poor people, please help.  "
GR0650,2025-01-16,Fatehpur,H101,Quality of care,"To the officer, Food was not given to the patient as promised under the scheme. Please look into the matter urgently."
GR0651,2025-01-19,Belapur,H049,Card/eligibility,"Sir ji, We went to the hospital in emergency but they said scheme beds are full and sent us away. Please take action."
GR0652,2025-01-20,Amarpur,H078,Delay,"Respected sir, Pre-authorisation was not given for 5 days and opration was delayed. Kindly help us."
GR0653,2025-01-21,Devgarh,H022,Card/eligibility,"Sir, Card is not accepted, staff says server is down for last 8 days. Contact me on 9221917662."
GR0654,2025-01-21,Belapur,H088,Quality of care,"sir ji, nurses were rude and did not come at night even after calling many times. please look into the matter urgently."
GR0655,2025-01-22,Kishanpur,H045,Delay,"Sir ji, Patient was not discharged for 5 days after treatment, they said approval is pending from insurance. Please look into the matter urgently."
GR0656,2025-01-22,Devgarh,H103,Denial of treatment,"To the officer, They refused treatment saying this disease is not in package list. Mobile no 7697133314."
GR0657,2025-01-23,Haripur,H053,Card/eligibility,"Sir, Hospital refused to admit my father saying SSY card is not valid, though card is active."
GR0658,2025-01-23,Gopalganj,H065,Quality of care,Food was not given to the patient as promised under the scheme .
GR0659,2025-01-24,Chandpur,H076,Delay,Pre-authorisation was not given for 9 days and operation was delayed. Contact me on 6173254853.
GR0660,2025-01-24,Chandpur,H017,Card/eligibility,"Respected sir, We went to the hospital in emergency but they said scheme beds are full and sent us away."
GR0661,2025-01-25,Amarpur,H114,Delay,"Respected sir, Claim is pending and hospital is asking us to wait, my father is still in ward. Contact me on 7462784975."
GR0662,2025-01-25,Haripur,H038,Demand of money,"To the officer, At discharge the counter asked 500/- extra, they said card amount is finished . Please look into the matter urgently .  "
GR0663,2025-01-27,Haripur,H039,Other,"respected sir, ward was dirty and toilets were not cleaned, no drinking water for patients. we are poor people, please help."
GR0664,2025-01-28,Belapur,H012,Other,Food was not given to the patient as promised under the scheme .
GR0665,2025-01-28,Devgarh,H084,Other,"To the officer, Claim is pending and hospital is asking us to wait, my father is still in ward . Mobile no 7876643034 ."
GR0666,2025-01-28,Kishanpur,H046,Quality of care,Nurses were rude and did not come at night even after calling many times . Please look into the matter urgently .
GR0667,2025-01-28,Belapur,H111,Other,"DOCTOR VISITED ONLY ONCE IN 2 DAYS, JUNIOR STAFF WAS HANDLING EVERYTHING. KINDLY HELP US."
GR0668,2025-01-29,Devgarh,H103,Denial of treatment,"Respected sir, They refused treatment saying this disease is not in package list."
GR0669,2025-01-29,Amarpur,H005,Quality of care,"Sir ji, Food was not given to the patient as promised under the scheme . Please look into the matter urgently ."
GR0670,2025-01-30,Fatehpur,H030,Other,"Sir, Doctor did operation of appendix without any test, now my son has pain and they are not attending. Please look into the matter urgently."
GR0671,2025-01-31,Kishanpur,H073,Quality of care,"My uterus was removed at age 24, I had only small stomach pain . Now I feel weak all the time . Contact me on 6058831404 ."
GR0672,2025-01-31,Belapur,H069,Other,"Hospital staff demanded Rs 1500 from us for medicines although treatment is free under the scheme. We are poor people, please help."
GR0673,2025-01-31,Belapur,H058,Other,"Ward was dirty and toilets were not cleaned, no drinking water for patients. Please take action."
GR0674,2025-01-31,Haripur,H039,Quality of care,"Sir ji, Food was not given to the patient as promised under the scheme . Contact me on 7430653842 ."
GR0675,2025-02-01,Kishanpur,H073,Delay,"Sir, Pre-authorisation was not given for 6 days and operation was delayed. Please take action."
GR0676,2025-02-01,Haripur,H119,Denial of treatment,They refused treatment saying this disease is not in package list. Mobile no 8626198687.
GR0677,2025-02-01,Gopalganj,H034,Other,"Respected sir, Nurses were rude and did not come at night even after calling many times. Please look into the matter urgently."
GR0678,2025-02-02,Kishanpur,H073,Denial of treatment,"respected sir, we went to the hospital in emergency but they said scheme beds are full and sent us away. mobile no 6020379230."
GR0679,2025-02-04,Amarpur,H057,Quality of care,"To the officer, Nurses were rude and did not come at night even after calling many times. Mobile no 8460701032."
GR0680,2025-02-04,Gopalganj,H110,Quality of care,"DEAR SIR/MADAM, WARD WAS DIRTY AND TOILETS WERE NOT CLEANED, NO DRINKING WATER FOR PATIENTS . MOBILE NO 6019856048 ."
GR0681,2025-02-04,Gopalganj,H031,Other,"Sir ji, We were asked to pay 8000 rupees in cash before the operation. No receipt was given. Contact me on 8074673710."
GR0682,2025-02-05,Haripur,H053,Denial of treatment,"Sir ji, We went to the hospital in emergency but they said scheme beds are full and sent us away. Mobile no 7854880144."
GR0683,2025-02-06,Belapur,H069,Other,"SIR JI, PATIENT WAS NOT DISCHARGED FOR 5 DAYS AFTER TREATMENT, THEY SAID APPROVAL IS PENDING FROM INSURANCE. MOBILE NO 9136540310."
GR0684,2025-02-06,Kishanpur,H047,Card/eligibility,They refused treatment saying this disease is not in package list. Please look into the matter urgently.
GR0685,2025-02-07,Belapur,H049,Denial of treatment,"Sir ji, They refused treatment saying this disease is not in package list. Please look into the matter urgently."
GR0686,2025-02-07,Fatehpur,H064,Quality of care,"Respected sir, Nurses were rude and did not come at night even after calling many times."
GR0687,2025-02-07,Gopalganj,H036,Other,"PATIENT WAS NOT DISCHARGED FOR 5 DAYS AFTER TREATMENT, THEY SAID APPROVAL IS PENDING FROM INSURANCE."
GR0688,2025-02-07,Haripur,H060,Quality of care,"Doctor visited only once in 6 days, junior staff was handling everything. Please look into the matter urgently."
GR0689,2025-02-08,Devgarh,H117,Card/eligibility,"hospital refused to admit my father saying ssy card is not valid, though card is active."
GR0690,2025-02-08,Haripur,H040,Denial of treatment,"Dear Sir/Madam, They refused treatment saying this disease is not in package list."
GR0691,2025-02-08,Amarpur,H114,Other,"RESPECTED SIR, CLAIM IS PENDING AND HOSPITAL IS ASKING US TO WAIT, MY FATHER IS STILL IN WARD . MOBILE NO 7239573374 ."
GR0692,2025-02-08,Fatehpur,H027,Denial of treatment,"To the officer, Card is not accepted, staff says server is down for last 5 days. Please take action."
GR0693,2025-02-08,Haripur,H092,Other,"Respected sir, Doctor visited only once in 8 days, junior staff was handling everything. Please look into the matter urgently."
GR0694,2025-02-10,Devgarh,H081,Other,"SIR, PRE-AUTHORISATION WAS NOT GIVEN FOR 8 DAYS AND OPERATION WAS DELAYED."
GR0695,2025-02-10,Fatehpur,H120,Demand of money,"We were asked to pay 5000 rupees in cash before the operation. No receipt was given. We are poor people, please help."
GR0696,2025-02-11,Devgarh,H021,Quality of care,"Sir ji, Nurses were rude and did not come at night even after calling many times. Mobile no 6027606369."
GR0697,2025-02-11,Amarpur,H100,Denial of treatment,They refused treatment saying this disease is not in package list. Please look into the matter urgently.
GR0698,2025-02-12,Kishanpur,H082,Other,"WARD WAS DIRTY AND TOILETS WERE NOT CLEANED, NO DRINKING WATER FOR PATIENTS . KINDLY HELP US .  "
GR0699,2025-02-12,Haripur,H060,Delay,"Sir ji, Pre-authorisation was not given for 6 days and opration was delayed. Contact me on 8019219194.  "
GR0700,2025-02-12,Chandpur,H076,Quality of care,"To the officer, Ward was dirty and toilets were not cleaned, no drinking water for patients ."
GR0701,2025-02-12,Gopalganj,H032,Delay,"Patient was not discharged for 6 days after treatment, they said approval is pending from insurance . We are poor people, please help ."
GR0702,2025-02-12,Amarpur,H115,Card/eligibility,"Sir, Card is not accepted, staff says server is down for last 3 days. Please take action."
GR0703,2025-02-13,Fatehpur,H028,Denial of treatment,"RESPECTED SIR, HOSPITAL REFUSED TO ADMIT MY FATHER SAYING SSY CARD IS NOT VALID, THOUGH CARD IS ACTIVE."
GR0704,2025-02-14,Amarpur,H114,Card/eligibility,"Dear Sir/Madam, We went to the hospital in emergency but they said scheme beds are full and sent us away."
GR0705,2025-02-14,Amarpur,H005,Delay,"Patient was not discharged for 9 days after treatment, they said approval is pending from insurance. Please look into the matter urgently."
GR0706,2025-02-14,Kishanpur,H073,Other,"Agent of the hospitl told villagers that free operation is available, took us in their van on Sunday. Mobile no 6469520938."
GR0707,2025-02-15,Fatehpur,H029,Delay,"Patient was not discharged for 4 days after treatment, they said approval is pending from insurance. Please take action."
GR0708,2025-02-15,Belapur,H011,Demand of money,"Respected sir, The doctor said the package does not cover the medicines and took Rs . 2000 from my father ."
GR0709,2025-02-16,Haripur,H042,Demand of money,"respected sir, at discharge the counter asked 2500/- extra, they said card amount is finished. please look into the matter urgently."
GR0710,2025-02-17,Amarpur,H105,Denial of treatment,"Respected sir, They refused treatment saying this disease is not in package list."
GR0711,2025-02-18,Belapur,H008,Delay,"Pre-authorisation was not given for 2 days and operation was delayed. We are poor people, please help."
GR0712,2025-02-18,Belapur,H106,Delay,"claim is pending and hospitl is asking us to wait, my father is still in ward .  "
GR0713,2025-02-19,Amarpur,H075,Quality of care,"Doctor visited only once in 5 days, junior staff was handling everything. Please take action."
GR0714,2025-02-20,Gopalganj,H065,Denial of treatment,They refused treatment saying this disease is not in package list. Mobile no 9833670510.
GR0715,2025-02-21,Devgarh,H020,Quality of care,"Sir, Food was not given to the patient as promised under the scheme . Kindly help us ."
GR0716,2025-02-21,Chandpur,H113,Quality of care,Nurses were rude and did not come at night even after calling many times. Mobile no 9939233772.
GR0717,2025-02-22,Devgarh,H096,Denial of treatment,"To the officer, They refused treatment saying this disease is not in package list."
GR0718,2025-02-22,Kishanpur,H046,Other,"Sir, The doctor said the package does not cover the medicines and took Rs. 3000 from my father. Please take action."
GR0719,2025-02-22,Devgarh,H094,Demand of money,"To the officer, At discharge the counter asked 2000/- extra, they said card amount is finished."
GR0720,2025-02-23,Amarpur,H114,Card/eligibility,"Hospital refused to admit my father saying SSY card is not valid, though card is active. Contact me on 6076747519."
GR0721,2025-02-23,Chandpur,H014,Delay,"To the officer, Patient was not discharged for 8 days after treatment, they said approval is pending from insurance. We are poor people, please help.  "
GR0722,2025-02-24,Belapur,H012,Demand of money,"respected sir, they took money (3000) for blood test and x-ray. is this not covered under ssy card? please look into the matter urgently."
GR0723,2025-02-25,Chandpur,H015,Delay,"Sir, Claim is pending and hospital is asking us to wait, my father is still in ward. We are poor people, please help."
GR0724,2025-02-26,Amarpur,H054,Other,"Respected sir, Patient was not discharged for 2 days after treatment, they said approval is pending from insurance. Kindly help us."
GR0725,2025-02-26,Amarpur,H075,Denial of treatment,We went to the hospital in emergency but they said scheme beds are full and sent us away.
GR0726,2025-02-26,Belapur,H007,Other,"Sir, My wife is only 35 years old but they removed her uterus saying it is necessary, we were not told about any other option. Kindly help us."
GR0727,2025-02-26,Kishanpur,H082,Demand of money,"Dear Sir/Madam, The doctor said the package does not cover the medicines and took Rs. 5000 from my father."
GR0728,2025-02-26,Kishanpur,H083,Other,"SIR JI, HOSPITAL STAFF DEMANDED RS 1000 FROM US FOR MEDICINES ALTHOUGH TREATMENT IS FREE UNDER THE SCHEME. WE ARE POOR PEOPLE, PLEASE HELP."
GR0729,2025-02-27,Devgarh,H022,Denial of treatment,"Sir, They refused treatment saying this disease is not in package list . Kindly help us .  "
GR0730,2025-02-27,Belapur,H111,Denial of treatment,"Sir ji, Hospital refused to admit my father saying SSY card is not valid, though card is active.  "
GR0731,2025-02-28,Chandpur,H113,Denial of treatment,"Sir, Card is not accepted, staff says server is down for last 9 days. We are poor people, please help."
GR0732,2025-02-28,Devgarh,H084,Quality of care,"Respected sir, Ward was dirty and toilets were not cleaned, no drinking water for patients."
GR0733,2025-03-01,Belapur,H010,Other,"Dear Sir/Madam, Ward was dirty and toilets were not cleaned, no drinking water for patients. Please take action."
GR0734,2025-03-01,Amarpur,H114,Card/eligibility,"Sir, Hospital refused to admit my father saying SSY card is not valid, though card is active . Mobile no 6481572697 ."
GR0735,2025-03-01,Fatehpur,H064,Quality of care,Nurses were rude and did not come at night even after calling many times. Mobile no 6265139109.  
GR0736,2025-03-02,Chandpur,H087,Other,"DEAR SIR/MADAM, DOCTOR DID OPERATION OF APPENDIX WITHOUT ANY TEST, NOW MY SON HAS PAIN AND THEY ARE NOT ATTENDING.  "
GR0737,2025-03-02,Chandpur,H018,Other,"Sir, Doctor visited only once in 4 days, junior staff was handling everything. Mobile no 7513137738."
GR0738,2025-03-03,Kishanpur,H043,Other,"TO THE OFFICER, AGENT OF THE HOSPITAL TOLD VILLAGERS THAT FREE OPERATION IS AVAILABLE, TOOK US IN THEIR VAN ON SUNDAY. CONTACT ME ON 7728997696.  "
GR0739,2025-03-03,Haripur,H037,Card/eligibility,"Dear Sir/Madam, We went to the hospital in emergency but they said scheme beds are full and sent us away. Please take action."
GR0740,2025-03-03,Amarpur,H109,Other,"Respected sir, Nurses were rude and did not come at night even after calling many times. We are poor people, please help."
GR0741,2025-03-03,Devgarh,H103,Quality of care,Food was not given to the patient as promised under the scheme. Contact me on 6079654785.
GR0742,2025-03-04,Kishanpur,H073,Denial of treatment,"to the officer, card is not accepted, staff says server is down for last 9 days. please take action."
GR0743,2025-03-04,Chandpur,H015,Other,"Sir, They took money (2500) for blood test and x-ray. Is this not covered under SSY card?"
GR0744,2025-03-04,Devgarh,H024,Quality of care,"Sir ji, Agent of the hospital told villagers that free opration is available, took us in their van on Sunday. Contact me on 6995981682."
GR0745,2025-03-04,Belapur,H010,Delay,"Sir ji, Patient was not discharged for 9 days after treatment, they said approval is pending from insurance. Mobile no 7207130931."
GR0746,2025-03-05,Amarpur,H115,Demand of money,"Sir, At discharge the counter asked 3000/- extra, they said card amount is finished. Please look into the matter urgently."
GR0747,2025-03-05,Devgarh,H019,Delay,"Sir ji, Claim is pending and hospital is asking us to wait, my father is still in ward. We are poor people, please help."
GR0748,2025-03-05,Devgarh,H020,Quality of care,"Food was not given to the patient as promised under the scheme . We are poor people, please help ."
GR0749,2025-03-06,Chandpur,H014,Other,"To the officer, Claim is pending and hospital is asking us to wait, my father is still in ward.  "
GR0750,2025-03-07,Chandpur,H077,Denial of treatment,"Hospital refused to admit my father saying SSY card is not valid, though card is active.  "
GR0751,2025-03-07,Belapur,H106,Other,"Respected sir, Claim is pending and hospital is asking us to wait, my father is still in ward . Contact me on 9590776931 ."
GR0752,2025-03-07,Kishanpur,H056,Demand of money,"To the officer, The doctor said the package does not cover the medicines and took Rs. 5000 from my father. We are poor people, please help."
GR0753,2025-03-07,Haripur,H092,Denial of treatment,"CARD IS NOT ACCEPTED, STAFF SAYS SERVER IS DOWN FOR LAST 2 DAYS . KINDLY HELP US ."
GR0754,2025-03-07,Amarpur,H078,Denial of treatment,"Sir ji, We went to the hospital in emergency but they said scheme beds are full and sent us away. Please look into the matter urgently."
GR0755,2025-03-08,Haripur,H119,Demand of money,"Respected sir, We were asked to pay 500 rupees in cash before the operation. No receipt was given."
GR0756,2025-03-09,Fatehpur,H055,Demand of money,we were asked to pay 500 rupees in cash before the operation. no receipt was given. contact me on 6698603008.
GR0757,2025-03-10,Gopalganj,H079,Delay,"sir ji, patient was not discharged for 5 days after treatment, they said approval is pending from insurance."
GR0758,2025-03-10,Devgarh,H090,Delay,"Sir, Claim is pending and hospital is asking us to wait, my father is still in ward. Please look into the matter urgently."
GR0759,2025-03-11,Belapur,H106,Quality of care,"Sir ji, Ward was dirty and toilets were not cleaned, no drinking water for patients."
GR0760,2025-03-12,Belapur,H007,Card/eligibility,They refused treatment saying this disease is not in package list. Kindly help us.
GR0761,2025-03-12,Fatehpur,H055,Denial of treatment,"Card is not accepted, staff says server is down for last 2 days. Mobile no 6422484979."
GR0762,2025-03-12,Devgarh,H097,Other,"Pre-authorisation was not given for 7 days and operation was delayed. We are poor people, please help."
GR0763,2025-03-12,Amarpur,H114,Other,"Sir, My wife is only 29 years old but they removed her uterus saying it is necessary, we were not told about any other option. We are poor people, please help."
GR0764,2025-03-14,Belapur,H095,Denial of treatment,"Hospital refused to admit my father saying SSY card is not valid, though card is active."
GR0765,2025-03-14,Devgarh,H117,Demand of money,"Respected sir, We were asked to pay 1000 rupees in cash before the operation. No receipt was given."
GR0766,2025-03-14,Belapur,H068,Card/eligibility,We went to the hospital in emergency but they said scheme beds are full and sent us away.
GR0767,2025-03-15,Haripur,H037,Denial of treatment,"Sir, Hospital refused to admit my father saying SSY card is not valid, though card is active.  "
GR0768,2025-03-15,Fatehpur,H051,Quality of care,"Respected sir, Doctor visited only once in 6 days, junior staff was handling everything. We are poor people, please help."
GR0769,2025-03-15,Haripur,H091,Delay,"CLAIM IS PENDING AND HOSPITAL IS ASKING US TO WAIT, MY FATHER IS STILL IN WARD. CONTACT ME ON 9157814368."
GR0770,2025-03-16,Fatehpur,H030,Denial of treatment,We went to the hospital in emergency but they said scheme beds are full and sent us away. Contact me on 6269803807.
GR0771,2025-03-16,Amarpur,H057,Other,"To the officer, Camp ke baad hospital le gaye, operation kar diya. Nobody explained anything to us. We are poor people, please help."
GR0772,2025-03-17,Belapur,H049,Quality of care,Food was not given to the patient as promised under the scheme. Please look into the matter urgently.
GR0773,2025-03-19,Amarpur,H005,Denial of treatment,"CARD IS NOT ACCEPTED, STAFF SAYS SERVER IS DOWN FOR LAST 6 DAYS . MOBILE NO 8804792766 ."
GR0774,2025-03-19,Belapur,H008,Delay,"PATIENT WAS NOT DISCHARGED FOR 4 DAYS AFTER TREATMENT, THEY SAID APPROVAL IS PENDING FROM INSURANCE."
GR0775,2025-03-19,Amarpur,H109,Delay,"SIR, PRE-AUTHORISATION WAS NOT GIVEN FOR 2 DAYS AND OPERATION WAS DELAYED.  "
GR0776,2025-03-21,Chandpur,H113,Quality of care,"DEAR SIR/MADAM, WARD WAS DIRTY AND TOILETS WERE NOT CLEANED, NO DRINKING WATER FOR PATIENTS . PLEASE TAKE ACTION ."
GR0777,2025-03-21,Amarpur,H003,Delay,"Sir, Patient was not discharged for 6 days after treatment, they said approval is pending from insurance. Mobile no 9328688494."
GR0778,2025-03-23,Devgarh,H084,Delay,Pre-authorisation was not given for 3 days and operation was delayed.
GR0779,2025-03-23,Chandpur,H104,Demand of money,"Sir ji, They took money (2500) for blood test and x-ray. Is this not covered under SSY card? Contact me on 6407983857."
GR0780,2025-03-24,Fatehpur,H029,Demand of money,"Sir ji, Hospital staff demanded Rs 2000 from us for medicines although treatment is free under the scheme. We are poor people, please help."
GR0781,2025-03-25,Gopalganj,H036,Quality of care,"SIR, FOOD WAS NOT GIVEN TO THE PATIENT AS PROMISED UNDER THE SCHEME. WE ARE POOR PEOPLE, PLEASE HELP."
GR0782,2025-03-25,Gopalganj,H036,Other,"Second operation was done within one month, again my card was swiped.  "
GR0783,2025-03-25,Chandpur,H113,Other,"Respected sir, Doctor visited only once in 5 days, junior staff was handling everything. Contact me on 6393877136."
GR0784,2025-03-26,Devgarh,H024,Other,Nurses were rude and did not come at night even after calling many times. Kindly help us.
GR0785,2025-03-26,Devgarh,H096,Other,"Claim is pending and hospital is asking us to wait, my father is still in ward. We are poor people, please help."
GR0786,2025-03-26,Chandpur,H062,Denial of treatment,"To the officer, Card is not accepted, staff says server is down for last 2 days ."
GR0787,2025-03-26,Amarpur,H114,Demand of money,"To the officer, Hospital staff demanded Rs 1000 from us for medicines although treatment is free under the scheme. Please look into the matter urgently."
GR0788,2025-03-26,Chandpur,H113,Denial of treatment,"Sir, We went to the hospital in emergency but they said scheme beds are full and sent us away . Mobile no 8806568847 ."
GR0789,2025-03-27,Chandpur,H014,Denial of treatment,"TO THE OFFICER, HOSPITAL REFUSED TO ADMIT MY FATHER SAYING SSY CARD IS NOT VALID, THOUGH CARD IS ACTIVE. CONTACT ME ON 8209621121.  "
GR0790,2025-03-28,Amarpur,H080,Denial of treatment,"Sir, We went to the hospital in emergency but they said scheme beds are full and sent us away. Contact me on 6592645104.  "
GR0791,2025-03-28,Devgarh,H090,Delay,"Dear Sir/Madam, Pre-authorisation was not given for 5 days and operation was delayed. Contact me on 9125412184."
GR0792,2025-03-29,Fatehpur,H050,Demand of money,The doctor said the package does not cover the medicines and took Rs. 8000 from my father. Mobile no 9675139159.
GR0793,2025-03-29,Kishanpur,H048,Delay,"Patient was not discharged for 8 days after treatment, they said approval is pending from insurance. Please look into the matter urgently."
GR0794,2025-03-29,Kishanpur,H073,Other,"To the officer, Claim is pending and hospital is asking us to wait, my father is still in ward. Mobile no 6719970866."
GR0795,2025-03-29,Gopalganj,H031,Demand of money,"To the officer, At discharge the counter asked 500/- extra, they said card amount is finished."
GR0796,2025-03-30,Amarpur,H107,Denial of treatment,"Sir, Card is not accepted, staff says server is down for last 5 days. Mobile no 6306971526."
GR0797,2025-03-30,Belapur,H049,Delay,"Dear Sir/Madam, Pre-authorisation was not given for 8 days and operation was delayed . Mobile no 6323299597 ."
GR0798,2025-03-31,Amarpur,H054,Demand of money,"Dear Sir/Madam, They took money (2000) for blood test and x-ray. Is this not covered under SSY card? Kindly help us.  "
GR0799,2025-03-31,Devgarh,H024,Card/eligibility,"sir, they refused treatment saying this disease is not in package list. please look into the matter urgently.  "
GR0800,2025-03-31,Haripur,H037,Other,"sir, food was not given to the patient as promised under the scheme. kindly help us."
